54770.02581278393,23791.368544521956,-10419.571197101046,11158.90792326335,68488.78408800141,18711.26311182596,-34741.64361637028,15158.447125839053,23436.639071155794,46063.928738772105
-5788.437467326592,63428.38533425106,31275.765725158377,24848.48242524088,80367.05945430792,-45557.9790624421,26482.436165658837,42650.13817424023,-7863.434109334401,-3136.094261858376
12569.542036770306,33388.95971423223,57064.03984962651,-21996.427752837415,10507.690643674141,605.0351032622984,39236.70871795823,-14128.679309892366,-8660.098635037226,9076.094190786203
-33363.32621569878,51725.90200240234,3356.204547850914,46405.4365534615,79055.1159662809,-26463.01382528498,35499.40333156451,56015.20339319408,20576.508333934187,74363.4292090179
35201.09040680301,-31591.21326560964,3854.5969255707823,41472.83785137326,4200.96795551425,-72924.32063412403,-38682.13391934564,-4706.862483545759,-47115.46912232477,4053.6941322839284
56784.01814583269,83931.00171726516,40581.797430169274,24602.418345859358,55123.118904686016,31378.429186473248,3367.5572099029223,8908.385338586786,55820.88302127117,390.02452350603744
37367.46378517002,41337.60946780369,-37174.75890711099,40972.6104748974,35905.991598414104,-62352.542427092456,-38518.98444234979,2847.812564579407,85090.0425869946,46855.09345930354
33965.77361871582,33011.47431471817,28131.27966893841,1408.2156528331038,39070.6358152411,-69216.56596521674,24055.445080187623,-36757.9688530573,-30973.798350238325,-11166.924032238898
-19298.11410279346,85120.25696618362,21428.498685327875,-19558.03506468515,56791.733706113766,-18398.02765816768,-4784.305711408442,49768.20815277596,13803.760246692487,32903.88488488332
26233.367180264613,9103.64045471193,-8017.046389350297,93061.14702102379,76201.1464736714,-1138.149849030111,-3317.0885396716903,-13967.56455834165,22825.223349904823,39346.575367964986
10656.938869604732,30547.3294708363,-21887.81436794551,-23231.641318723105,-10707.10493225398,-30010.09585285436,-17743.93965210884,-6342.831570747938,-45006.579430559155,-22371.84370242106
-35907.93334429704,-19305.20084310309,-11075.687052113311,47366.97751770048,62001.784160586845,-107147.8001125409,21711.366696395497,31023.23115412072,28375.52499658804,-17324.103026483237
42117.6627416123,-56966.416669248654,40867.54958897644,6826.382313950803,6390.473743029604,-7731.977279877274,435.8524607273348,39711.82650077352,44296.980488577145,1400.490210126684
82188.5762148785,-21780.67637175838,12814.618817580693,-13692.042748175056,18064.939887766686,-43194.14699550177,-6943.2409822242935,47062.44087420449,20635.905033083345,-39177.87718162135
-95459.42293882689,40665.24223231331,3346.348714956398,2355.2046152757794,38782.12511275374,-8932.644566392457,14649.239196495415,89859.71461606152,17669.983147165196,20286.43886330547
-22454.128478478495,34995.936276198794,4840.747563736273,18335.0866162939,39964.897630055006,-35503.743405279216,16910.55460416587,57247.077473344696,11392.092061137608,29083.70365759028
29618.787976853288,2704.086462524321,-56143.092218961625,59040.174969940126,8403.451126277689,-45436.73304311801,-19720.33317048818,-15417.10256642455,-3657.71388938777,-15881.076460049464
29766.24011623391,16260.253633194121,-10734.497937544766,-49036.04027176281,112017.2042606158,36208.37324832603,36738.770680995585,-26558.553208436806,-71324.01733385837,-10773.720392157642
74516.147311511,881.1846452651705,21139.55494800676,-9775.546093730645,3930.756073139838,66675.83240058344,24534.238197633324,59789.42759206749,28039.029858113434,20125.091913255477
34208.505660712646,61408.03934044606,25863.31642922984,-29639.951185683978,29194.495501514648,20246.05762993945,-11063.148938444636,8207.208274726549,-2875.764379481909,27423.699524042226
50987.05860294215,-73279.73979402256,77385.9039952063,-71203.19455091425,1775.1338216114405,23349.62040386234,74565.76605521279,42865.18239131514,-46785.72005690571,39340.89655892868
19697.520743769153,-48540.37786138815,-14414.972362133505,26240.781717842146,47276.51971054895,3514.7603363823214,-4508.706980825241,13924.455038763383,-11493.854279095303,-3858.5826161017494
41989.46406817056,10890.886806398454,-3262.0287234750244,-8265.535322876896,29067.059706221535,-25310.138972504697,-24522.208424033055,7102.26388228597,13660.203575593518,17613.384427880937
17764.49476942359,686.6001801821114,-11624.501055303264,-4398.551320958125,70762.7571280147,14812.409358167299,21730.291769845815,28055.349578556536,-19260.2782419377,-49515.644795117514
67045.81132538753,25072.51094588143,75492.3063003588,13685.67400238307,23499.20492082979,-8369.492069328233,-10056.51466943611,-92546.71865788728,16988.962600662628,19296.030242305704
9499.669408701486,40788.27600811349,-16964.959486383534,-17220.552946333322,-8285.545285217657,17427.16967522548,-38149.10264374672,33042.53036862479,-14208.326159209144,18105.50228705477
20217.920126182304,89723.3551073583,5098.474251984756,10835.434876450097,43693.34739103721,-82732.82268278544,-1345.919916149194,34871.190430473944,47104.364464793514,24962.04207965492
-29955.30974488959,-24228.86538320317,50614.089916168596,71585.9339879346,35415.23883971911,19109.432750022443,33447.94512807217,52737.8660831793,9300.178864293768,40597.23286684141
21351.127933199863,25396.957874728894,19263.35788280917,35818.74037589802,-2023.2223284505158,-14165.72860599821,-33423.91043204804,-2391.5985435379425,-7186.743703839883,18159.622813099606
-32626.87748254196,-47902.03003179774,4622.407727732198,-6947.410541076912,-24221.569665426003,-16708.488356864957,-9053.140230057774,11263.624181497202,-10161.848868274119,47846.15582035997
4626.067053103101,-5161.534317917516,15010.27292144434,4262.62047752644,55920.74167134772,-28747.098314514802,18852.324026325634,17384.792407967485,33391.09359710159,26107.619330386973
5832.441338320484,-21519.11743332252,-10923.932412250706,35314.18228833283,20342.907461017763,-7611.3781344147665,-31462.23319042844,34716.17439437499,-5355.6780516997,47764.68151726613
86534.14457552427,16903.08386564096,-46728.45057191018,8738.728123485354,26057.076790429353,-12487.684113351806,49050.91479774712,4854.806692204638,-42597.98293735337,19482.63752715977
33767.58300736945,26976.082741449267,-43653.643901392796,-51151.522722355,38489.554604694276,-41815.30419550464,42739.263652819885,-5912.435347731161,41223.199941994055,-28292.018769384795
38662.39400830374,8435.135577229019,-36119.49186873783,-16219.28071453424,117032.33915251319,-38409.283525021136,-5046.3159862214,7787.703435691639,28994.348456288128,-16033.992363181742
20138.49490812742,14030.240983081634,6822.695888415262,-35859.7049072395,-12080.19368164493,-41324.08886821323,76347.71513197978,53003.565009521575,-3482.0670924400056,-25227.452150023077
38224.5476462518,25102.831400243314,-8775.753817482475,-21619.165880923058,-24778.410211791354,-46248.3221242668,-21541.388597986526,26927.421199024608,-51103.56370908976,34325.801221867805
26018.558884712824,46929.99128285263,43898.13470053426,-115.47160456096583,191.45925420913545,-38144.47747835536,-32646.498326809506,36135.705992635296,-50944.61024458253,33780.559331285796
81898.90511498624,10810.733318397466,73491.45841356483,17483.68841068043,5448.042694712533,8275.623286255557,29718.961067939505,-4245.431716534431,4151.657583734389,-24173.40833774302
41391.408420516214,22452.127459885814,33053.12222975197,-33793.5397641411,19581.120388618558,-49990.65507676665,58138.76970262862,22678.345805969468,-8775.273533012809,12513.587815155752
75510.59762466287,-8315.193761278539,-82148.82760649544,24415.766992503406,43875.03023921385,43680.08754280179,18561.096348841824,40486.115518010716,19820.476374875405,26005.1926781427
9985.408645397278,-10596.458192965974,-11820.32149115357,38462.61640364777,13268.334122782377,-10532.024214445344,50380.89857032682,43481.01417434638,41298.887473693554,-14058.274785137033
30034.691648741642,-3745.5245919450167,-33543.58779018734,45401.899336531445,35454.87330233956,10577.60999855527,-335.35918897765475,40300.91117987044,2677.1272939821406,18713.16546467008
-19011.552392142697,-77030.9914209372,49023.306836142925,55327.99281422344,62268.33182923379,-14789.242373324498,-7156.988241667933,36157.223613400485,30334.81231384476,13140.977016173547
43874.58072665775,44185.976311547165,26031.723689986055,28169.878133096747,9295.959766621436,-69436.23773608977,-438.461936950202,52076.3645545937,71129.38672765989,44548.82895831048
30661.77348739361,-22276.00006485904,996.0004478560677,-42160.62023659988,62163.95722164664,-43520.897309628956,2107.504232990244,4645.112867018905,-6150.700890115273,-6657.611407494257
-6165.287328837858,-1912.777200598276,-11519.242734171632,47619.922527019036,55887.69424695399,-22967.77876794492,37980.12177184778,7830.008855761582,37532.6528696329,12831.68891353063
42887.10520217015,31177.631850340083,72363.94162746774,47336.15003465942,38679.126780277074,-9011.312078417528,6534.71040677468,45575.36960753019,-1390.67211333252,-43373.84246050297
-44014.91364860148,40029.54193806593,5513.882815790611,9540.386807690364,12089.119263434499,-4486.68775724381,-12536.819679727143,1572.6482065096757,4693.182319847809,54428.37299267851
-6908.167246690308,10770.605463245149,26961.99001028724,127282.91744808391,28731.484616452013,-25415.35888540793,-451.19016284467284,28023.363126135086,49302.03212250033,-28800.45770874527
-56904.27197009057,25991.397116841603,-59716.383896812855,-88908.74930838453,5560.295846059557,-37506.14523390055,2531.0980195098205,-6886.816045684613,1865.1490581812072,16982.146424549497
31436.002677470664,38006.143576027076,44675.482268069216,34882.25280687713,-23775.423962171317,2126.3422286428827,-1191.0143711005164,87748.55447636255,25422.87549877607,48083.30850933558
61080.76739319737,43853.074233993204,3680.226497945046,1937.0673085067988,95963.05502372888,-13850.547842188165,38553.40896552195,6444.167635074955,59757.72579912634,-19245.46637941308
25753.562248351463,26490.24940056496,-3350.859402013405,32580.911246885385,86064.52462166885,-39240.09482150371,25229.570086375505,36049.90972428976,-2264.3309325577875,12609.096647744645
-1014.5772791246736,-36279.51742377242,33898.36575314572,22304.5262196393,60665.03289659955,-48215.396194750494,26174.067172258154,30375.486222963627,5065.569575360762,43800.24928676668
-26894.624586441994,-57521.48813186701,35412.858030311225,6422.169495299184,3079.2509900862688,44800.91944137456,-29853.986404063882,34899.514393313904,-37239.51818810681,16757.713787686393
40493.37272807573,6800.418150241764,-19584.908803811686,6754.4913835208845,73970.83188866156,139.1540667888881,-63989.99963836124,28438.486042774282,59051.93497778162,28827.776442300663
98416.74983717737,49271.58508144319,140226.04291683898,-3548.0141088958685,-15375.751756227866,-23795.524095749563,7738.194292025797,76456.30775896907,7774.4903444272595,21034.670055828577
5998.13906047492,60700.45851390821,-27784.581863354015,33982.86536741435,-12550.413865667602,17284.56733730565,32645.736159755426,65413.33914531898,-6288.8721774731,62589.28050568107
-24185.26275384162,-35456.53370309099,57372.082094281715,-70914.0635282696,23219.242503014437,-30385.145845732204,-16325.520347202188,14.976458729080832,6502.303038667664,77965.85799057603
-12352.503815540938,59681.40293699279,-51973.09274073718,-46471.48225431234,-25288.795953450535,10745.067780832507,-13614.645524515692,3070.770764011,-16382.170433216543,15741.143175865102
27712.050198532797,-9534.791208438859,5790.516211083437,17799.74945763262,-25422.477167576697,-24576.96168443198,12127.07276894189,-47762.171470913934,-43758.309236343375,39467.01377592978
40104.47798492552,44340.76643007573,10980.07488906976,41719.94631826064,42108.36281341801,22352.964350381935,-35955.27028772305,55089.72611159255,-65081.06340906815,-39715.46126309055
83204.06024730322,-2916.450634978699,-75206.59591130857,16581.773362171498,-13941.775144303168,-81446.18958771409,19281.322460668944,29445.63582947482,19131.130839267465,31308.94469242443
62843.048345662995,19279.728351315807,31935.754616916915,74954.66698080445,11079.579977432353,-68159.87948865927,-4799.925438976861,41440.65566819628,8033.028693725359,-55215.70337588163
9950.272273725406,-82854.76662375637,-26351.348064597434,65758.16182177543,48418.71822471201,-37494.4580732268,62300.81475899714,63900.436728059976,-13991.952259675953,3329.1071178568664
3789.257313925967,47466.6857516897,30061.94130248682,-66854.14584653916,6330.203785232727,30352.931507074398,28198.73177361341,-16868.523504662604,16969.79754682514,52251.97933557516
45514.14228351671,651.5773007645885,23346.572086826156,49819.59614534101,62545.72104453046,158.99640948715376,31683.216029320527,34151.95398144666,25817.76379211116,5567.472140331754
34846.7853264748,-30055.03710905509,5445.387858524267,10667.730902356601,83703.73811411776,29683.424315415592,40500.80779462818,17108.87698464184,92579.32058776313,-28668.471515185895
-42004.04176507897,74116.19310887896,49364.91173083648,-94896.90635477805,26413.965470549138,20269.892722690864,-44706.12577678755,-12305.30136817144,36891.18494918024,-10729.488037292414
24595.154125277917,11378.995948645106,6851.355078667827,15626.763807605807,-403.64420021468004,-63603.050050099715,2496.0829632347213,-3921.7323361411513,53862.27931046683,-17560.20065402676
-67466.39862465167,-17703.254060660314,-14981.344174509426,57441.0379979236,29152.99725243116,-25475.96136191097,14231.520077731317,59770.04930748537,-11241.212582675043,33469.18095614798
23542.75423365229,37553.945921985964,-44329.61432605452,33898.079655755566,21486.82552126212,-1533.984184153679,-14796.217720366049,-2012.2889229268574,29876.94215402245,68048.39308187843
59202.56775692688,-42048.05095993016,-63184.13065870951,16142.591667783154,24030.796935362734,-45630.41974251495,298.58293335068754,91646.06398875263,57582.86291176497,23812.513912507384
13978.413911406307,-51825.54290066657,42345.6643059545,38360.86559931503,94262.0793282594,-4060.267587296741,-23715.12531366334,2889.188831442058,-15409.193962646099,50349.62757563785
54291.82211032679,85424.78995211158,17733.537812912247,11477.942932614606,13676.300949144115,-56551.75609027569,-13894.241281173443,33597.87840560759,-14670.19568029751,17160.847581410482
23247.568624426665,75629.36024131533,-40207.891700343505,-10548.49416199586,44711.13115011128,-46116.73185741322,-44507.3818736793,83984.74284986075,337.14402251891966,50017.12421597716
63673.77706539874,5096.942827227808,22369.069787254513,-27073.277506135582,61069.47608618598,-55991.23421947636,3198.7747181477694,33875.16225002998,7279.988216633257,-21648.50934461096
11021.622513247969,5416.005344043192,18598.480486992758,-22449.956163693278,3542.2512019171054,13396.24903873066,5713.397496639471,30856.80887783357,50421.222274811815,-2166.6509682503197
-843.7043816511838,10519.42864463204,-62408.22112096139,40061.24169558528,-34689.03528078852,-5297.247547930439,39050.27890190805,62934.66161221664,-26516.156063996776,-1339.157025601965
65388.74012174465,-17021.35442159137,-6472.793396822499,16060.463218015115,40805.856198227935,6104.528169851135,-10084.8435908519,68946.41887778767,2525.951804071997,-15735.248327055542
38466.45420711409,19957.354874705128,-18297.357038630314,13924.146062112512,33573.39134209808,17298.7259703027,-4438.498066497115,85208.65829840745,44259.52766925356,21068.092090550883
246.0258516523072,59188.17164138247,6289.873962181347,55432.579700081646,-18616.178152110155,7400.07541860791,36351.2463535271,25337.519358469122,18048.34044565165,-60735.00970007091
-8824.757362667067,24303.781293002547,-12189.49088811362,-55600.722990394046,-14661.971976331253,-33952.475805938215,57647.62907425581,37520.2593094228,-56715.11867062364,25739.532987438
-56065.55787572436,34260.95796416738,53136.08180987235,-1716.4117694869487,46081.20158239425,-53878.84657669797,14677.997058665076,50041.513564382025,15993.617301090277,38648.236655914196
19853.805599974647,87167.08919509177,17032.711319517006,-1690.4131278161988,-10545.121442267679,67462.90330996043,-53605.93979214818,31791.641819654946,9155.426205632528,-21085.94705979255
59877.434187601306,38035.026025466876,-20060.191616822252,29868.910494819967,17991.850691015396,29327.850802402067,-7575.360979760704,48900.4501670323,35432.008393093434,-3960.605964593154
65074.19286202032,-19889.369409247585,-12927.318976666455,-67575.38308964354,38849.5636970347,-27618.15505973382,45250.223320866324,830.0784608428567,76563.90139198858,36018.64234821399
72339.95861203838,4863.352768211805,397.2973319060426,21662.38492774713,56797.77730799763,10182.64423346659,-8237.729701304786,8228.549472958437,40622.68532955067,28575.857958073168
57354.176743032374,11297.56762861076,18842.377950594306,22271.0171034531,6137.7855993233525,-38451.94696197837,-31106.688883957984,17951.22028768323,8210.269295972825,-42793.953557257875
20029.616796375405,22286.975687944643,5471.720524853343,-15255.669243280085,64680.043104531775,-18047.081410880637,-39896.757740485074,22072.80526084286,60982.664186602204,4361.856476244127
1395.7675215596146,13020.071615498593,-28968.90417173896,-1028.6471815619998,41701.46824096083,-8651.231107996537,-39736.2105928846,6772.079657544202,43500.480671503465,9448.025977954157
-25048.371537134586,77934.32766735223,-21533.83902650778,-17184.169992619285,38691.83030297779,-89261.70826093953,-13189.621557450622,19820.891619210277,-25756.782800440014,28533.24257740223
40704.17532577105,2034.7766156978194,18779.55620451847,6269.769948309235,69473.82758398655,44783.591936222896,10916.95297748268,24335.24577342446,10025.273060389201,-6033.212204786903
24689.95962201093,16316.3227272852,32228.012819927328,65519.20054016486,-62697.50851777298,-40655.19996685734,-53379.548980649444,19717.04172333278,-10513.398818625543,23752.87596208817
43711.71346385966,-8128.38862185608,39039.17438249788,-35304.896424435916,73977.3836263862,-52395.053264646696,-37544.874735197314,39122.081026099666,16438.514577839676,78108.85892686046
44382.597504205914,37607.90364076735,-4958.862679444289,-4382.623712674154,22408.275802365646,-1316.7062404803237,-31829.136595008917,-34317.09730093228,-1164.954120961891,63272.88087563081
86117.26328956199,-66226.54695875334,79817.39074809196,75804.08020481469,63971.543526405025,-37823.717257721204,-10066.740820066632,-14612.420118929527,-58208.75522579826,1429.9050288880655
73349.13207991085,24080.473129070768,-51233.34426750698,43573.797014625125,89132.01884547972,25926.89832802309,-24246.770121862413,47937.56203580984,4015.253523124604,19744.98048983734
41677.832086299175,15213.23186090285,22157.673418300248,-71500.10051644174,74431.23044013543,-34457.837710217056,41345.637133248325,38504.81710995074,19859.630085951085,-3950.793955306547
78045.02133919441,60402.0651752312,-50990.481788276666,28866.237715949588,16032.217991725955,-29495.665832852465,30511.021397534965,65393.20765312138,40746.73927913198,34745.2417747938
43178.34306437224,-22657.770415122992,29869.811412052644,-18358.46729809149,-2957.2275879797394,9277.045513300829,-27077.81770620174,21198.419788738207,-5921.39371223008,-7775.975093886463
8068.656321247197,25896.73416574462,25041.345114797597,19357.219012718928,58673.5242603753,35111.654298994166,5068.784084882764,-8921.900910962795,4624.905548772575,46636.89500718622
26445.6611353914,-24064.90843953406,28785.485119465528,5535.033932419724,6255.336912297558,-65742.51871086475,14508.773371566247,74094.94673859657,57618.47139899266,-56952.4911287808
6234.185668406743,-2716.914911319573,-6064.824743253361,-63729.15838572478,-38559.989372153526,30836.664489674622,15054.329936981934,28517.680532406623,61156.0891143392,18806.86221495228
6736.562520251595,86684.44161414969,-8816.521712499505,35979.87430574686,-32408.01789667245,8694.619789596785,8893.14051444944,87282.37446231299,-35393.56491860388,13628.542242955436
-12847.968896524024,84906.5428645954,-82551.74452479999,-5257.992967458001,85750.40361506362,-64904.57207485085,26486.16308117863,86496.27663083443,-29758.329409575366,50063.83482514401
41543.162487612855,15875.45937586815,49632.25004519225,-15863.054083244791,19099.412728513584,-41286.85496818354,-36790.58849891444,8377.64531262722,56096.338786192806,13138.697204364475
641.6286835495791,33103.3878061825,9810.915571145702,2428.055056856927,34298.912541450416,-81074.61125474659,85213.51252514176,65577.65662952268,17958.78674267171,-53340.41211851267
-23823.434429854955,-101.22217675772583,-13682.829070675538,-457.62752820401147,101525.40304549629,-2476.980355229585,-7695.772780821953,42266.687453269304,-35094.35648210972,-69280.59165968903
102143.99178501913,-796.4369643131721,-38337.771924668225,3213.5969020595867,-25538.337555560072,4789.30214869217,15515.582349658764,-19866.234684650153,14139.585874128941,-41014.39010457245
93112.37335618635,37204.98318592192,14391.36051090631,50294.1655914216,-33045.836389055235,27120.956771778863,753.110805859869,7716.940569194434,-2413.2823292479347,43203.419049759825
25715.913558745076,-42734.80462263852,25735.355346705517,-42338.09969245581,15275.735695450345,-77061.6993875406,17825.84438148876,-16607.348999691116,47700.92366870822,20732.43728302506
88852.31029427524,29042.964485750028,-20090.197826766027,14589.541360487523,-46554.214023808854,-60513.51913744044,-12537.741959873301,-13061.376814838652,-10879.558494330913,3679.8320326008197
65885.6546808247,-68163.39030221307,18737.83344722833,5803.8501863634965,83297.60088320858,-20108.868715157525,-2931.3030395436044,17946.881837445704,67910.69219565105,47905.18692954524
431.1971965675066,7876.06898415411,-67679.96128713479,-12494.172172580586,21091.915440467434,-74670.34597122025,7233.758140949172,-12431.099768637756,13578.448770500225,-1105.148931359508
40443.61588936573,57583.262920439505,42528.938583440045,-8338.815434481216,19777.06109207559,-25042.747641801798,-35232.06651040315,36936.00190025699,16020.454552985182,29683.9369919457
71508.61340315022,78653.90292336812,-11621.375922213836,-57063.44795791262,78779.99768117031,-10869.21103622722,10961.278566006435,72273.42241597245,-5476.839203351065,53087.4147903148
-6790.3746236904235,2351.570371150793,38963.38500678748,51581.39543090008,10331.343684288804,29532.56276177681,-25488.394870212887,31988.763392745244,56188.62050638362,-20651.665146418618
51658.7624175903,37090.274971474806,35554.408229302106,-43040.36775627537,9503.188866902387,13265.108133114163,-12019.742184968572,33610.337845694965,31648.50244747615,-56921.071502919665
2622.9641851364336,41280.72504597316,41587.282444200275,29004.518676123826,40670.303870655225,760.0942255226794,-7484.614843173511,57897.08229733863,-37138.21690254625,-1738.3859401424259
25960.59027115107,29304.849502078177,-38269.24965209062,-19847.858794785923,35334.11166656047,-25216.737483003762,8724.404868297466,2741.451450374274,38962.17989982473,76440.97296633905
79097.51789322056,48017.129250016485,-30757.181054140307,33377.18889322099,8326.822073762174,-21252.577940775387,-26524.32556123375,36003.34253240051,-10941.585115137246,3936.739160442653
-13630.752538251787,30208.0580672312,-110619.72771290733,15615.440069900305,722.4395880357345,1330.0872244634747,19168.89231127651,-15063.45197079,46087.081875168566,32690.37304797992
-49644.36407052685,-6151.096375931317,63855.78720065247,44028.66388611351,33456.91150491084,32725.751061772535,60325.57618764174,29731.11097764386,-914.8749451758976,47727.07639295254
9002.290923954786,31993.557190456268,-12962.728490017054,57908.57815362102,13933.655856124396,-43807.988778679726,-9878.30699514124,116625.47602593663,-16508.584382370896,25312.908081381825
98758.29222487744,11630.080381542513,6558.785677335004,9258.289742433784,12981.716406862126,-8093.198405109853,-44583.66521140092,35197.03698724941,-8738.37911525455,3855.0818814793706
31440.007710201608,23752.47456279972,17453.708987989266,-37197.113277346965,-15074.44458969142,-12631.505191933902,101734.35938189915,-43223.381621535715,64866.69169443851,36990.9220011458
57257.28490623048,12215.722524040315,-26818.644222077513,84857.25196560494,31676.144768839313,35024.947642220715,-61300.86041687364,71551.62585409071,-8190.947627477684,46349.22070699537
77993.41571408621,45039.71641636977,-19488.248649709338,36625.692451142866,29363.99568268181,-22942.3667111207,-19572.43750679863,-57894.07203426448,53432.22727661928,57997.09213644808
42017.0979026977,-33340.338601575124,11456.961861422618,-35037.269028537194,-14365.24270695972,-75608.74961891744,-7593.7856845015,42352.2107002098,126368.75262218081,7926.237267082321
52615.84861069187,41914.817107573945,11592.044993142057,-18956.619784111095,47369.352310145696,-61909.75572666888,21045.419267022055,68075.34604633575,80757.42103756049,1819.65637850351
19927.001472236392,48554.070184941826,35642.32467427082,76388.8835049863,-1112.1086106274176,30356.407915602143,-7819.126584948703,47897.301752553125,28966.745830970747,-7855.921682502216
21529.272493626282,12360.09005007354,28709.032419527928,108208.11906061711,41833.47589510977,-19147.140668737902,-20991.694443348573,29643.964004645124,3313.69725505968,-19168.28456304026
-6458.684628517302,60413.76066027747,-12750.064820654265,-71199.07033784252,8881.221590258443,-22356.412552665348,13997.032039074329,9944.716088265022,28887.866726130975,66424.52895028402
-35126.889021467985,54397.47656491803,34632.55805193097,50675.560542784115,6340.828067573288,19432.299990348652,14013.593341472644,7504.574213610852,40403.29327521751,62310.82666800888
126366.13708130586,23778.513371350324,-68947.65550275249,15023.201289063974,55728.981137554394,5167.309582207901,-549.2890304277539,24054.763010594146,-7606.010254984925,46987.07197852645
22956.931750379586,-4068.0891141302664,13653.556431472054,79552.39041573113,76560.47326866294,-39.20095097121566,32558.730049103375,19050.46499133411,27844.285880519685,73352.37224475283
22691.32901588733,-38305.411044538036,4963.940968575558,10123.8310021328,18978.53823713624,-26564.28579906233,-22838.770235216023,16090.91884060276,17501.47420090327,-35614.686290162834
56249.47159885962,-17794.18818145175,67119.64092762757,61513.74333205491,-45032.54322665887,-33250.768800505386,4757.893441203192,17502.263654674887,13229.043409002406,17457.049504619492
-18015.080696534304,26837.41821933157,-53885.02771303905,84138.3684984733,9987.062345969342,-14050.592816796574,-1087.394665213099,15486.912018574154,66989.89435296891,68750.98149260532
54418.160157386636,-8602.568160192912,-35050.63003044228,29285.203232651846,40103.86069649544,-8659.379969641546,41032.15869123677,19852.723107382248,25017.459982233002,11691.314214336746
2699.0012947340147,37557.24495093611,-14591.200053989678,-3832.3351761527183,34989.51896102812,-50505.941059705234,4957.372440963599,64626.27842746287,-19585.681728430925,18920.57588990021
93734.75689399794,54687.406265336205,-44173.49989210513,10688.555976599362,92294.3594964562,-34435.46227515026,-53645.29667757931,65878.37973275103,36046.590428739066,39667.656350632315
32734.756340007378,-3935.4746789360192,36357.74786753137,14209.354374455601,6049.293391665354,-31888.21121302925,-21133.193423756053,49081.635534361354,17956.79952573689,28425.23412378261
2020.483340788162,67638.68265852662,-36625.87771682476,-8068.7000092943435,76293.1270220728,-31803.48310481209,-10768.432765889203,26253.764319063725,-7769.463407040653,87116.92148448652
75132.75439347654,35314.01697352361,-37576.23647303454,-55996.943818035485,-18415.755163843387,-106554.09664740563,25344.71607879926,-3396.016168112059,17144.47705334515,44742.504011523866
-3553.6202023075966,-16930.725209526805,-9970.281208705836,16329.330891687929,-7800.271069450688,2871.394776490826,35930.59886640722,-25705.569905992288,44850.2838791047,10695.37653689812
-10748.127567662134,8667.727822379557,55764.24752818103,39567.72512561877,66664.2377677252,-42686.10408844836,59241.53201005982,-26231.940519160922,-4639.896775011478,52813.02482675204
28987.16378503455,46198.38695825565,40410.76455468976,-22106.623963438982,52641.64106165587,-17685.497293961387,-3208.944175097326,-34163.449085193985,-83100.66696334472,52647.03686170048
40497.52398662159,99379.03329463866,-27303.31975710109,-19472.9041227213,3141.752743866434,22308.345983188916,12087.19695015341,17432.905275982645,-44961.20858850608,9541.948320722891
13629.777888194385,13467.042329925469,-26471.54094115542,9887.100709953404,34615.41698132617,-27333.697760121882,8216.801186300736,50277.82869828599,-33197.16174641152,6374.35685593446
12417.658456778885,53469.579513300465,51072.261226883755,39134.76003364267,50162.67006887961,-65680.20654262017,-30415.621682159624,-14052.659469680873,-17538.039883344234,48442.2035476848
68257.13517918022,31525.316130406838,29505.845364718916,-38376.88575820331,43218.861125241754,47617.36787756868,5009.474999394155,55064.64624058643,-12300.290973428673,26223.936503265908
27972.746011223604,-53802.066848159506,18134.514501124977,89448.82772633794,63878.81928258081,-96637.51104227187,27914.160610335435,17141.67861808856,-12810.000317127167,47059.52446766816
-1358.585747636038,14088.635045686238,15261.670798779525,31954.788386359,79443.38483895299,-13669.109981338062,-4851.334066588452,7924.598671499404,73295.11826712836,48411.91118420578
16416.947899483937,44158.15132732101,-1119.302192655238,50859.5298177926,79427.41185452424,-7807.19930251316,32479.291815581968,22810.606708575084,17304.346941368516,-4129.717215386686
55303.15694890744,8327.812389924986,9315.605642460374,45708.903601640086,14427.356804796556,16903.32961743227,339.9580591698516,18477.798205445848,-15875.112587345317,56697.87644709733
51294.1966720802,67787.79605028637,61085.55539037079,60283.340190423856,30861.13185496509,-89296.96494387205,3408.5680167644878,-1112.5495719068363,89608.34158933112,50532.98879251818
39183.04753041434,-9476.186053614096,-1370.857682433705,81372.00126716027,14312.737165951345,-34496.01139883716,46842.451001170506,-17398.77829275376,6674.619941508547,56311.699355393735
50989.326527676116,13491.877889781004,44387.76340771162,-15152.04132475108,35906.02875651021,67505.16522005049,-16307.551825909772,-11928.578344384665,-38903.70740789279,42198.11728072304
45388.48634792745,53242.31336634847,-21911.412186306337,34497.0133580661,55938.80703515256,-78404.32359193622,-14688.161635751107,1006.3157168437394,-25337.82056082076,16178.797198691052
9146.648225066578,39156.918356163515,18530.248666195363,7101.314533528916,-45607.971398256705,-49850.192854521345,-7084.763690828264,50228.68937410005,80596.8202253168,3946.550552932951
12436.120262193883,62324.632478697036,-31804.739665021858,75373.5986029596,74861.8823949588,11475.018911363828,21168.45764002209,20224.190839794916,302.67163775734537,-32651.73312770648
5670.177040112075,38310.57582949319,-69746.99409485885,-50520.67038999348,100902.75778522695,-8868.475757070293,3973.727842997945,-30492.8124686729,-3415.110341453097,-1089.1945412677544
4015.7506810661935,43837.22316176618,43739.52029110295,-1787.2642560178501,22022.680650729446,-3170.776034014383,-25935.901722413855,14952.02908249616,81525.66511959991,-5086.630338662667
114231.45031692383,-11731.344635935844,13994.802509770789,20623.14867378765,14146.707021040374,25741.626978862747,-8881.031416885566,-14586.74330367672,4129.921887582877,75038.43681594053
22697.676849165186,8642.318363350758,-67662.41363835147,26231.468457936993,19159.510259704395,-60968.50805976404,-5174.877777502463,69575.24267624527,24183.4497864766,-22131.80110861364
88419.53337693174,23030.583149436752,-31103.31239175902,69125.95456300338,-11281.558282374202,-92992.94527701417,19949.57456899166,36746.217931881605,5679.146549293407,1020.3215719839825
46804.700058708506,-40657.26114135045,-17961.713026653513,5880.545019385735,27798.576739773613,-52679.5050805921,-14909.169263559128,-6300.7584936532785,39888.077547541136,10525.700214659762
66406.36810844393,13915.8281721551,-68830.18736353736,8110.539377942088,-12916.928226910164,-30921.87471947741,60024.265566384915,-10309.83874545333,18692.902204969923,-23371.204471061203
10230.791337255921,22845.649292553186,1099.2885651117017,25455.503080204842,40731.19157411836,-36010.292994633775,3997.153724726299,85132.17674501511,12493.964487645808,24476.25731370849
-13333.776767607547,32231.16083714652,5310.401004216232,45378.80981112735,24781.82229221854,13888.134204644877,-19753.816279782157,28672.315308818066,43373.59647678465,-51850.11324312991
-1297.6976982040824,85389.07856017393,-36064.221991432096,-13447.183754052028,19795.9622035283,4336.179060441853,91697.60922337131,-56869.173061877664,12271.33671110639,52976.27317998331
50921.87410477758,-36364.65312977745,-5425.786776937073,-40916.17181050669,38446.01885222188,-51682.75217632975,21465.279361077,65789.79048504271,16798.302630214115,24124.333422988
50934.603684935624,11218.380320776723,-26591.76036201891,34413.444912740895,11421.41402541468,-53789.00216926088,-3750.3216997496675,53902.031076415806,87249.15265455918,-284.4490956024681
94646.60899299466,44769.51415711069,14827.08326944674,-36579.511192415695,51569.43697387716,-2058.32966615592,-26858.481071231883,18897.044290463356,21999.313973388744,115988.81496375483
42514.46690424043,15513.99364989698,-65558.40575334447,76426.05083353576,48867.19447499045,29979.550303053173,-25971.301971644407,55014.85127343048,-16674.178255928546,47802.02972492103
29028.860219573773,26739.56907074757,-25265.604531296973,38492.630071525484,80325.06935604587,-83647.04331545877,-12442.767826330079,2172.1857221165515,-24979.1751997933,26187.433550506415
14485.289648475149,9365.936802328446,-28702.10294742936,32291.795675520603,3656.88484511938,-48719.40427847684,2008.9134047350472,69445.18936746632,22912.38701113874,54736.26701261944
-16174.3471112728,9794.687742047057,33638.78321384557,38865.788614862584,54007.05973210644,-2373.9810927089225,-34793.62435435733,30656.93097054909,41365.62592259002,-18166.13577658373
280.6962578058533,-9507.601990819589,1056.0868381529515,15051.20738603879,67420.5442266246,-15214.188377824288,-20575.047947135103,94710.71040040889,-24735.043155810465,-18465.935304658175
-223.09975213286887,-14213.996391540004,-18014.981354250933,-16658.138950977213,10277.602440881703,-72642.46099023112,-29402.57031499291,15790.85851207641,-74495.55086414276,203.50467026607663
65477.5929122811,5225.29124738603,12406.426756604962,-11626.799360919418,-2840.102634891499,-36667.64695617326,-5474.1859405260575,-254.44940021485462,28152.739173737154,65105.976351565194
109583.76680512194,13855.973263884582,-11779.913035998345,-19320.017579101517,62490.926946907835,39461.10164615505,5373.303681832807,51320.65801889157,-17497.979252143003,-28417.064194810177
25482.91673846954,66714.66228234088,33652.43636844262,-8553.730742709877,38332.11764704367,-25798.459433359993,1162.7035177939729,24485.57332859454,42330.326227694066,39027.31527894095
-12288.3557757659,-9958.841675729167,36677.22984962613,13176.61649523775,115463.11161518419,-13126.01798032937,40968.14225972463,32278.62991243424,-9011.324510853723,-34103.423464966414
49707.225239207,-14308.054610407675,-2274.095759971605,-5388.939601992059,12818.865207875604,54411.114542970645,-1776.0108670179634,21735.046921932248,-18185.944720592106,-9314.063308156376
42262.198704061535,25309.572828584667,17918.37003489937,-1482.5760523080232,-13461.305138503152,15434.10251130622,14271.047232417794,21146.460336403245,32236.60834153102,17200.358719806292
29481.26230710036,22443.28319816213,31774.278467725224,-25000.932300726825,-12710.022158645039,-22361.62882092225,-43079.343812343046,37488.6319474924,30540.77530150905,8037.397575549214
-3531.645804168811,16744.247776527496,59141.945258257474,28813.34833537342,-17688.552198891455,5701.457615145528,9205.229395582468,59197.83449783395,14856.559452224717,-22959.711509817764
26350.00419834343,10584.101096249773,-11960.208327847744,2939.6483175812014,-29709.12948796304,-35937.88764118337,-26886.665203316385,21496.4312743113,43949.78065828323,-11370.92023877277
57304.442057658365,22798.398315309947,-29122.306580899196,-15298.056722054142,44970.880127955075,8625.576057540693,-31945.481764061,47183.08647397449,35170.653683134944,61327.31056995082
85030.69999962657,60123.76539918306,8417.504431423238,7268.894895323678,-8937.451229907841,37789.96298348313,10777.063178541666,-9942.749410055776,11997.428664520092,40208.852106908365
64770.13572801974,56295.339681654434,-35136.2259509084,7608.0853856841495,-28224.34291814982,6155.990278368165,-42064.261797897576,43222.73855944826,25698.00200921644,20511.92075791069
28798.63200518756,27054.931876393483,-13234.379172800076,-11330.959072297788,64094.374637109046,9865.15770458899,14656.772163319973,-24552.32730144114,-17544.09466527144,26989.497454548582
40380.58818964051,-6444.976123595202,7128.63509062015,-2526.8836670206542,69969.7818656682,-56690.34705391042,27950.03628197531,28167.61654974819,5060.690516984471,16208.858536552967
73277.52899134072,29273.949832190552,15212.371181851197,-17959.70245131846,-32299.402958455532,-28734.833025827098,17749.02144282792,-34842.2849311016,-94661.25798013083,22013.384843452517
-32749.834048936602,45201.94895312453,57472.57267026049,25830.32789634392,34587.1611623415,2897.4799171702343,-44576.074798425325,19277.652391047006,32043.638662079647,91991.76585793245
-14140.549378761127,24627.220539705133,22277.298426877725,81781.56400761256,23236.60679912537,-4740.555211775746,36412.05871351281,46063.63877956557,-38305.81148407882,67269.78548077436
-21514.323927318776,14571.596649324763,-11290.324795518898,-2604.839665496418,55048.42492976435,-28366.335255330716,64919.724153387404,9353.502426369205,28233.501193250962,2882.308317680922
84662.01876610785,44882.013832879355,63699.95815665991,57983.93992932803,-31889.281702102846,-10968.984372946356,59990.38879852644,65142.39152198342,60265.48543504402,95551.07522367346
13547.198023300758,-65681.26520034723,30967.210893795123,-1755.099638175207,16789.469924915284,68880.3169143714,-33776.05024180239,11271.859568113914,-717.6203001512217,-20401.22492099728
-70606.1437115695,59695.49536973564,2546.9175791538355,40825.64204773312,3574.5334630857933,432.32586569892055,-32067.553055003653,-36195.349992498384,-32498.270692661714,31817.279865818957
-20222.41173642946,-22751.38681860596,-35254.398469126805,52976.862307187774,-10744.666657744043,30059.725429287962,-10151.045907546553,90017.55566018936,-8779.673237478222,33742.34213584636
25814.214318608345,7725.316487588023,-34879.85548182695,-47.777687098667,28123.721401211045,-18457.365761089968,30978.48926343952,17878.257435245014,-10863.736500613344,9416.617768489428
35925.79873844337,85855.52108004323,29143.378504728717,-313.293145875576,3266.7390912696433,3991.7715706794716,15577.303521377093,-26487.84353922282,18181.913454285186,-10751.094195837413
47641.45719440302,90577.98566906674,25446.04961330472,27468.985248016834,88215.16338036863,6100.194081525216,-16574.234987121596,1945.4477336282291,-34476.42461490189,5409.780662190101
-37736.29899287458,-26289.97044521418,51614.17565104787,91691.08237043789,32211.966268509834,-12674.080149971312,3185.9551256654554,1308.9583909226205,23333.985553498755,72679.68515628198
-44115.25676280298,-42600.71704956571,8444.990019566614,-29612.80175233343,7980.301185140167,-30471.457232723995,18557.992599772453,15504.035439369876,71031.56734491956,-12741.250023512286
-30759.59654527638,44479.923653250524,38531.36546466866,32357.504017871484,7145.544408592676,-31805.667726537446,32419.909423832323,23962.577353807625,8794.294622690377,-13893.88029416649
16080.545970418349,76422.486656204,25510.117853272408,31135.189065585906,13564.703559228257,13730.050302534852,25531.828209776286,-9384.843331876384,-49179.968792443935,31530.103557306462
29008.032738037742,58950.95061283074,-4287.441376764969,13803.384963825209,-7193.421546886981,-37115.02654246788,1779.0928992386866,79292.96899533014,30040.616811741955,37690.12529421362
26401.17949885279,-33267.43861468237,80767.64371821239,46099.17960886029,110990.94718012154,37598.51209839802,-25650.50806008436,44377.48092666402,-66986.57888747119,55009.34296580258
39095.3955138571,54793.828806238824,69255.97216287925,-19398.711996259157,41606.81290853445,-3717.192904582755,-11417.84290970267,-33649.06031924458,-3635.81190522333,9442.100152999132
-13987.589945826263,-31234.01751028895,8670.906078372502,11084.82700005843,24042.895913363835,-67202.43308886525,-59033.93734230038,-5669.135555593147,-5156.426719167598,21195.369999776056
-27837.989911590714,68854.9747055132,-18058.363222369804,7727.797266623579,58955.898213136286,28042.180253626306,29817.872328847414,76566.09104951705,-77192.78906872409,-10251.373508267829
40917.15720505894,-17387.52808630267,47837.59936242349,28412.59515306301,11190.072557670745,12834.038892233426,19489.54191941127,72215.22459567057,25059.27441919904,-34788.16248322851
17189.562227270508,26792.25631486876,52212.71447401417,10488.43678024477,20432.951950636834,-26836.416666491154,63593.00651166098,6911.34027257361,37713.433870489076,-18514.088117071457
39161.98599743634,36422.356951060356,22666.903776753024,-47203.68646517316,-9585.091462023922,46459.47990978864,17597.634199533248,-26365.3063711364,4180.421089429605,-11019.230353569594
4392.1841535295725,-6596.493690667385,61384.52454908062,-23214.392925719345,36727.82045079333,29406.348441529204,39398.49361323325,-44863.379628445124,-12740.295156293023,16079.041645226833
47906.25021579787,11921.001396833748,-53714.59288928153,17002.835106468174,43752.547938451455,-2847.302005980247,29352.195104975446,5911.5768100950045,-69910.96908004608,19334.950611295957
77406.3368840741,89477.41423828917,17582.616256786856,193.29483925527848,9170.99403177168,-46804.96041219319,-2703.723769697349,-39148.030415056564,-212.76409718150688,33304.53441120264
20638.4967567037,50621.14910149561,5993.171234135284,-66563.73577044743,11095.046283627044,-65353.11507859749,6907.3134865205275,46613.006912913814,37162.6786772917,51779.20707521127
89269.11349549596,24226.185079820134,25600.448693269984,5283.470456142557,18104.30910257692,-58565.85292368717,11074.85197794664,46682.527291770806,36301.70831414711,38485.533231652735
8347.555448062329,-23300.495961061453,35000.316287619455,-26656.795635472645,34009.61130461883,1409.1530199994743,29948.904733628075,-2878.778357155486,39917.33233040956,12702.701689408357
26821.79621943116,12609.78154111812,56433.11283648328,-21020.251238277622,8048.486835557707,19161.464675003266,22105.556272021346,27839.566378437903,-13882.477050370959,-12768.94849273599
30853.067696859507,98124.7731702365,15503.920793264131,30958.953924456448,-19813.809803265467,37833.91843682529,-41219.694407498966,13763.393954544134,-3664.7843521045015,34758.58079426983
32231.782928384513,4148.1282573020235,-185.0996430058692,20746.001559723732,4983.656194170208,-9884.765520967454,39209.37362819025,6288.486968631204,-16709.353617265962,60496.291531504234
27528.153972248438,26320.335049108886,-14705.51953228766,672.6454173114996,84898.14649565837,36995.88345505217,-22797.29645295909,27063.03261114466,-18095.938257783542,-8595.617263484393
25246.883293007442,-18399.719529838832,15681.44197680154,-19196.22669416309,-18354.788745779733,-56562.59255375267,-35528.161295665464,49636.475743123614,-14711.88308514481,16988.36398017563
76510.1023523222,48799.605357048255,32238.08971629104,52226.77712231714,-30559.497212761824,-9069.11610766916,-2817.249966098985,18397.790015105697,45129.85173557129,16274.76515166675
50841.67656536951,-55474.64944848134,32561.91487780266,12829.955010698899,24303.042339931693,-25433.329118439433,7144.236859181114,29363.318691159846,-14324.620928150383,459.84982520696946
-45163.155751466715,46844.73803085987,-18452.221944233057,2593.588074695566,24077.916681682178,-39466.998923876665,-1151.0267620353702,26601.624338408124,-17791.726877358968,-48020.08411396067
15090.716819944671,-33942.11740606299,-10911.249665802272,18198.578102928397,-16682.10140930065,31138.09945734334,27032.211476792512,25309.796784793627,34305.04477047121,13517.897722353739
-18242.968466612365,58786.3076321341,5469.0539367882075,-12312.704676313077,71171.56702047742,65072.42801793044,-34055.40016069258,26249.281923064733,26657.22273421123,-40831.14259508899
58569.307303914014,82949.19618846921,79576.87203824276,69327.627041669,14736.163692835871,-19383.693396716244,-65305.470574894076,-12882.333333670927,4805.410602960985,72970.52163753478
-14215.749244153572,22792.43194870745,32114.586027121364,-16066.594711447638,-8498.233171499574,70646.53999711477,48311.8814049142,70353.18580231309,-37431.497055265565,24757.923063191123
41020.703315277555,34674.281206191416,-24673.12552145682,5372.2428207601115,21508.958095375663,-25271.906887889956,-55538.366974508994,3651.4161632850346,-8470.723617359468,-24811.600668413874
27776.305345826546,21564.3313398975,56399.76211310713,-2239.7146762962084,-3329.0060525994036,-12347.000676708092,12657.324220180555,14319.813175589516,12346.8189723736,-21120.155313000876
39001.99735953189,59808.467882199315,-7733.4954909269845,-28654.862781811247,22895.463062736933,-10099.915483854027,38914.40075491106,87134.48131521177,55947.285956426014,50653.05873005958
32170.992075878043,38290.897665932345,26023.49241019054,34072.828114065516,-7355.299754303553,-86830.5844012582,-3723.1636348626344,24401.96232952597,-13252.295047081407,29501.358853895217
78660.48888974212,32652.158009262537,-10770.955828755606,83824.88686809955,38975.97172225676,64207.29504484327,6357.984845557142,-1834.8518164893735,-38495.25762152028,29535.123121191053
42296.84116777503,16739.941153185224,-23082.262374579986,21376.99746534643,-7478.595335472491,-9648.55250780778,23846.13055569312,2.6098868572823903,464.0693234348225,1295.8944997740928
35698.143654952895,63275.126936834225,69114.5792433281,9198.782208384511,1402.3272088800045,13691.696976160838,-39844.57577177482,52112.1750145764,13370.528421253472,14038.787487187581
33792.93276802135,4571.940393247244,5420.805071998557,-29089.225596785138,89786.53678192002,-40179.19842940724,-23865.04567753834,35891.45116400551,29941.46257395445,-5911.1802151083575
71842.81949179094,14896.574823072044,-25456.73718093016,-39556.63507613883,-21353.04533979741,11519.752699964807,-19680.9257591691,25658.52111009686,-3169.0881248837863,25138.97719081202
16445.746862269887,-15712.902983702483,-46219.282351918664,-30130.682894432633,-23601.92068689426,-74820.94412600214,-22337.65999527062,69111.35733859432,23474.674725408317,52697.418629263804
25743.684520325714,13862.39658527072,43222.37619025108,44415.201984544925,-38606.28341500995,19106.330549962295,1300.9585510689462,-48175.78448259983,-4379.233088136991,69468.27690027766
92020.64340808317,6156.530392322442,-28474.915685033542,11463.428815618969,25285.702030600045,2026.3204659746818,53920.454668763094,24127.123386578965,6177.4858161419015,45401.348219158215
