442.13631372353336,591.3222912508099,-42.41340579849865,190.95032433655095,-450.7664840717815,92.37376720222149,-457.1705560815589,166.47864450692072,45.84391590469644,391.9866909735573
816.1100945894188,254.7544847515926,41.71078801767109,410.3119580474099,-558.0544180290791,6.450751863380249,-706.7111716171557,267.130926686204,-221.7616535572775,46.85803509402117
-1088.6854514629863,784.2900846472693,379.53139522046007,-184.1242820043285,647.1510569567141,158.02267462106562,-1237.7848255421034,510.3998760496149,-1315.582142959659,-99.69758158715024
165.65127705903308,-860.0673485733049,664.6469196487941,-627.7140959500989,788.5732495197776,-404.2204799241284,754.5926664181333,-939.2506136309074,81.46692238363897,503.46442205286127
-52.20211815672538,-207.61933489070677,317.5727019236662,-310.00337805674917,588.4614580366334,-542.3366763605857,373.58132819770333,-763.9609723471362,-48.352839727125826,-460.57840572314524
-530.6553558368684,-232.93590427838691,417.17236539934896,-34.27882571102422,-8.957829744968077,-114.32589471804174,-782.6623294475933,-123.80153446379796,-1114.3736576882243,-417.66496193824975
-69.02852587488881,161.84107191852127,255.9226832291743,-253.4986353924977,248.56508468822688,-147.92175531236697,272.4860086102637,-327.54661012901875,-105.92334526263677,71.78317878281366
-1333.6773810664179,-252.25091562439815,464.93910296119697,-225.5586219915755,673.6083945896486,388.2878222155795,-1516.329277877624,625.2575241744357,-1316.3212174147743,368.6786733848318
-236.98834760636925,128.96542623731105,127.32793494694297,-17.95873981612223,128.46515666166087,-474.8350125298932,-228.25495460886873,99.88863818371735,-972.3418848799417,70.34074609570622
-438.2401630638927,-52.87944901965585,153.25768954345725,-73.47293043165462,157.34205248359453,-278.9603356152886,-499.4422417456549,203.26141487244868,-1175.6128498435137,52.73322202390061
-340.322654513188,-211.83935721303823,738.4391910569918,-1199.933895182098,-510.6123564407237,118.7027494491733,171.0375780156613,-9.051089089371304,151.14676438652876,451.9011820592422
250.76136386539025,161.18294513981783,795.6578023707526,-792.5895605302203,504.7076497623344,-431.8321667302277,812.422496754461,-668.1348268166631,-921.8454684185627,-500.11866738625775
32.92709310478461,-294.7936291724399,512.21090974662,-504.65500807718433,659.7406656616189,-404.48708091078925,566.3820918410205,-867.5232751238432,-502.0266404241023,-435.5756493569943
-767.197680021388,-140.90848202669716,290.43970144319144,-344.3879076603793,32.492211313308374,-912.8886702922964,213.82068754289548,242.27629951589438,66.65521775796299,564.7455029571897
-376.9655549749101,-49.29987448543984,142.21377367844744,-75.45056108333407,260.53407925298393,330.33002224312105,-331.75138138462256,21.791832166841896,-680.6935701057253,-105.02992840540881
-718.989663468433,-295.50768230169723,203.6950862256448,-702.9200502020793,942.6746563544384,190.03992917436645,-493.3544129916009,583.6404365909433,-1469.523941874227,82.01030203006123
-682.3152559810217,-29.81525896760309,237.86490462850344,-115.39679017413272,-82.19894655488031,-26.426429266888437,23.228450938463972,-34.1704766867451,787.9324065210303,-290.9168671857938
102.38712289151813,-588.6250661417558,567.6374370870897,-562.260890217442,566.2932500945973,-465.2906255900507,604.3749526926987,-161.29373500031713,68.91648791884086,-168.74970035974547
-1116.8908046124359,-374.45592513948105,389.3641867022522,-188.89452155363284,395.6596342969552,-432.7337775628629,568.2157824442755,643.8348818306458,533.1573456920994,351.86923588186676
-713.8629940871318,-661.1236335532849,492.50228311181706,-63.89518880699377,413.0783974518166,-85.21271822498571,-744.3915905746906,226.2959364139496,-831.39615476431,-759.4849116769419
225.31633484345386,-107.15188781784053,861.6863049470653,-856.4363706636713,626.7011655060197,-546.1787699775966,894.8213665552676,-874.6215120267291,-638.7474827573722,-768.2657309922926
98.52221859340322,-676.9940602065783,546.2102858163846,-541.0366925850333,530.5071212853439,-407.37239752742164,581.5610354112266,-699.0756945782294,-457.37608519180213,-846.1976635841376
148.0651128315068,-205.312236805338,426.8504792791111,-425.7684633190084,254.1667994226437,-91.06514810947324,431.4601966082644,1113.5905909319256,532.7463828159729,451.6803705492603
-177.72227150651463,-312.8176991129957,180.48515541170624,-178.77563656403063,175.29633314959088,31.579782756369323,192.16616124448578,-230.99672169650938,-62.35519737135044,13.823836103196397
176.58943411730755,-41.33903266471289,1003.3928789007944,-917.512867789763,974.910410579719,-886.261132401888,1067.9398833111943,-1235.0104807985467,-452.0573630171987,-1844.7175781877029
-15.26011767546151,0.7256981594868366,315.8659566873032,-312.8741383016621,317.4518662026088,-322.78402555216945,336.30881291015663,-404.2659371285125,-326.28021824787606,-245.2599187143798
119.90515510598856,-134.54486069786364,284.2154270950913,-284.38308743121667,111.56137161407774,546.9761156331521,280.38146850735194,-139.61940151351183,278.6663687890162,-738.8529628016714
123.97021857740185,-332.63338458698234,687.2947999814561,-680.7848827985302,738.6851470528168,-778.5932861653615,731.776544472348,-879.6448952968968,-514.3559010062883,-97.68945750984413
-552.8414696041226,-403.61018680090524,192.7284818701518,-93.49949383110463,195.84461863634087,-102.50698261726852,-628.5550900738239,259.18433757137836,-976.6193773093622,23.309919400579723
-644.5625974647745,-165.17221181855888,224.7037852797528,-109.0118594912459,231.86167602176602,-25.356791674138538,-732.8377550942462,302.1852357906922,281.07518037548806,315.33219004716494
-1201.966469818156,-547.049380078246,419.0227863202094,-203.28297117514077,-1211.048268590422,-631.1261939091944,426.19484539349673,-626.9587699631786,95.14630434233268,503.49272376753675
-1080.2103962983876,-662.130964659284,376.5768691846173,-182.6909355358588,175.08746296784395,892.4379442929512,-1228.1490812008194,506.4265822945529,-1851.5287547788205,500.60296023581213
1.4881328440276493,-243.52254499612454,8.250255401003697,-8.172110652345667,8.013066315866954,-33.678372085204835,8.784212231088762,-10.559217163558293,126.39893288479803,-112.24843097374135
-1070.8605189356845,-459.55170028600793,592.1747881637597,-145.0821596508089,564.4042015809067,612.422245209689,-848.1681468567206,470.520923028741,-1156.3053838290398,-196.7463021740904
-81.6540882035213,-147.1637763150155,28.465788699290396,-13.809774295218107,-411.10611311435304,-29.39627545357351,-92.83690820519001,-134.1074730262996,-192.0547004565357,306.3392367259988
-203.62296759954407,-248.66193290866786,70.98589302184033,-34.43780079771864,72.13363075618908,24.184557066855415,-231.50986273204188,95.46296157811334,-330.1518764256308,-39.4054970780508
-214.86336762714808,128.64774561021315,62.25484592906745,-30.20205693740117,63.261415442771735,-133.9414827631153,-203.0348597714827,83.72131013621863,-245.97200930517636,-11.68283472130655
-1275.7650239845502,348.77228516826966,440.2565352783631,-221.78744870979216,461.4912800228329,217.61440657074448,-1439.4262433728613,618.6207912957025,-1550.9714025672417,258.4370981997014
-1310.6814288904475,944.2162081147658,456.9223835294818,-221.66942408072208,572.9818465858287,95.2503051160856,-1490.183947641,614.4765119688574,-1154.828105548637,-53.067262252444834
99.59353859383872,-43.39733770565673,552.1497176723972,-546.9198673451135,734.1391573960527,-428.2369849736372,587.884867513316,-706.677368435279,345.81330729447893,330.07032027771453
-92.41940745658437,66.57903327335806,32.21873371257977,-15.630462424515668,-621.4011069670513,-113.26589390754133,299.90022851167123,339.8114486616383,437.4370048217586,453.62347137706075
-731.7795621805266,788.484069690137,384.17100080706683,-124.27363376249299,122.3160257687492,288.52928644578486,-871.9390423145599,262.9527566570253,-1116.6317118613374,-331.1708809634824
-58.27079010160617,977.5672089198735,473.06150362718654,-229.49908965672887,-1474.0315417224087,-848.4091679577687,726.9197577286834,360.9104429956805,359.87470328735645,333.4858939756806
33.76229052762975,-231.77339072334146,124.49073284818654,-319.73428318888193,-16.399124546202756,-120.57311111008356,133.55750918437164,-285.85652772996514,-573.5493349692173,-317.32613872783736
129.74724685674897,-125.9609885366313,276.8876627045332,-258.7568520029363,66.81920038935155,43.35957965448903,268.5151745917457,-78.07723117097255,-232.06919231961365,348.24388025314084
516.5933974743087,603.8868159256167,26.40270943373132,259.7253113731988,-256.79429390450156,150.31815578565596,-447.34445462585165,169.0924715944273,118.16848285665142,-232.11405087552586
-1138.0833447172818,-254.21409861564274,396.7522107669159,-192.4787168098559,403.16711187048276,-306.4155498631736,385.75558097911795,437.09257392821416,648.4353120963456,889.8704698810619
87.08748791578219,630.326547788588,47.05659083230663,65.89266637909859,-116.78043780885362,67.4533204942935,-498.8016197371405,406.53287310216524,-344.77724999247636,158.68980324240584
-1341.4003570494062,-343.1122937428164,481.8012395926034,-250.75537783109914,497.3410763797986,87.21823394278292,-1508.8070661955117,-393.23188998673606,424.26863527953265,316.8841911652811
213.19695504826308,-174.05420134273078,91.6329063954638,9.412533259292468,-607.8473882968707,126.48974657124288,180.01228838770794,-246.78686004911708,224.48388188512325,479.36646252751075
-1221.644037909027,875.4337918473237,428.2370565263747,-203.4550198472874,-1291.4373176421423,-425.74399976887025,891.8187765110175,210.0178005920846,765.7615752139618,702.5848253087571
-467.6903067761399,-276.88404020511416,1020.9286819527821,-1130.8762349511894,1307.8239336790975,-338.9337032394612,485.63637729627726,-405.08330175801973,-1598.260699015033,-664.073883919112
90.06750891957718,-673.8473959399795,587.1286459535437,-306.4889739361121,236.0171917777707,-700.8897742985122,524.9805542058605,-772.2786093661103,88.71289390898522,-253.05454058331648
117.77546097143491,270.20275970171747,206.87779816500137,-855.356456248846,172.22037251050497,23.382728097956793,266.2265983655742,-781.794276380559,-348.1165031446339,-886.7699845582533
-883.3320234363732,636.1290005776157,308.0560409089607,-149.24127108796105,378.537061751413,-279.7049654873568,120.28197754445146,70.90438985112941,515.7607067803119,-317.96547410326065
-270.2345746899516,-56.04227968929549,378.85626869229657,74.60460036276942,-176.20592591381975,669.2471401269939,-1614.6641830415695,989.08443776901,-42.10639063855956,264.396834050441
118.69576923250577,-348.64694198276953,332.5768457542499,-1349.246214989783,328.7297354761379,-412.7577562721718,359.3437206550436,-1082.5674934605236,-76.49657300624496,-1197.6766456653706
-49.777915777493156,-416.2549036264154,69.62092196210136,99.56675188853038,-47.52080555685989,132.36972800002465,-473.264402890765,357.7815531485328,-242.38820933412896,-9.164479533459504
-988.3189998300594,-535.0225037325716,347.23925544639053,-163.53452901796325,355.0463340622694,458.34035983484944,-1130.3108030422222,451.03317945141987,-883.4508890322103,-37.90441217101282
-563.774151487488,270.50346844130763,200.9448794483742,-124.89949311741097,140.4546836672108,9.136963714040096,-344.6250409826808,7.259166086116439,-756.2087416474226,62.96425547129378
357.18780370752864,752.0775755921018,363.9432107660335,-176.56189505408662,374.0658682668552,27.357448984735843,-1186.9462956644036,489.43663687211216,-1626.6280482375148,65.04674381048234
152.7257154447238,-933.6813150500103,886.5810504481287,-877.8839587494801,-867.1817996166451,-428.5485307793022,402.539881389106,581.5976568013195,1427.7311231674903,190.06106292292372
-278.87224663339305,-207.38545632274503,434.8021756271203,-435.5229056314061,131.9658530714137,-277.2495792062324,425.3283376252223,-177.20816613567393,-691.0294080771944,-153.72165134113752
-40.04239078945495,-115.33817590607475,13.959352927755573,-6.772182400286072,62.03009078495334,-96.22996941901617,-45.52633970722196,18.77276055099639,533.8671003176232,367.7936298695664
37.75660322496155,-628.4104596014664,321.28556345261694,-317.40104423564395,52.15830394211218,-474.7868956852729,348.6191289042455,-477.1473615904157,-255.26459145581052,-424.2474490924556
-320.88597762500916,570.5481270027865,149.95533263577343,-54.42080824123614,376.49394477758193,-212.99484150502306,-376.61977681651666,126.79228254518775,-659.1297726743481,-1.1510677270853709
133.45039053689285,-867.4159920812908,739.8531721893753,-732.8454327468419,-539.8639972374328,-627.1114604598287,101.647900888078,1179.452434451882,2243.2819638088004,305.6107649623238
-864.2600953419607,-254.90428152200954,299.5784336910533,-148.4672098655721,393.99548559225354,580.0877716222583,-978.4025143345482,-208.28203550497548,795.2489052170547,34.61016016746084
8.316444169126699,-401.36609270241246,46.10662865136551,-45.669916000386024,44.78109525427497,-78.67165848482679,49.090651337208335,-59.01028282713269,-404.3275631766048,-108.10439750498855
465.57128285697553,168.84058773888938,601.7199414507994,37.680346612383644,481.082168380251,26.197243930949494,-787.7105026790634,427.701664496403,-1042.5012977587112,568.8589309969869
26.032849366055274,432.9434865378818,71.18767126944697,-71.06302115302188,36.164617891877576,-302.4673937896651,71.52270203269548,-48.031891991343414,-419.0079211612128,-241.1869473483687
-329.71292420978483,-1366.4114543205471,1115.3646164826994,-1100.4109531408592,1346.6396249991087,-954.5972309551618,1221.667977615049,-1771.5317993519568,-723.1002657970836,-484.29128953966267
-1103.193816092403,-399.1315715775565,384.5892196478648,-186.57801390352734,127.50926383059425,758.7411596552696,-1254.280162700868,686.2618828258505,1357.2565090004578,-239.2551182062063
-80.25624900813737,-167.99893967813685,286.6722534718718,-78.35208674931562,59.596258283976034,-385.08781473932027,-487.0460545885946,-85.82066805217048,-607.2142879897465,86.46441883640794
-427.1604102234447,-76.64265932604157,147.22758426714967,-74.50453735472261,-237.62036168214482,-307.2046805255583,116.30092011852926,131.77843959068835,366.3897511094438,5.657158183330159
14.088859474103426,-316.5538690974069,907.3176125708791,-898.7236838570202,-995.3032846124211,-506.7085861609214,480.35267260878743,544.2788035132468,807.5009219575119,724.372031620761
-909.0683016786845,507.01498076327607,475.2361950102613,-75.41130008773231,487.5991089973759,95.24899349999504,-887.713159551785,386.4722422968574,-1114.2708175318587,-141.11182343255533
-864.7369372394758,215.82343554128187,290.0539752864829,124.20928625010215,-219.5261083901376,-22.62887584649707,189.3086697229096,-220.60992562639754,-126.26190683919796,38.915423580970945
150.20439108810572,-863.5272399703573,832.7378794188429,-824.8503548365991,808.7972465320067,-528.1670714361358,590.1115243911993,668.6445454558805,-554.8166517899077,188.819077051983
-171.58718707036454,-266.12640454960825,59.8177595036812,-29.019738968696412,112.44909210418753,250.3784577629045,-195.0866672533763,457.5744452738695,484.5116220606579,781.0538713908301
170.78237102692057,-428.8288369883567,649.7616532841934,-645.8395903588251,408.7876429305138,-307.8065511914541,674.4622025618122,-656.6395934891095,-12.66768371418913,-580.2838267291877
-881.6347881606438,-14.714586451156002,307.3505582129845,-149.10677105308574,-2.100358473858028,-72.63500456675379,-1002.3778318969972,413.32993473323734,-609.9598449611016,-277.8715498191306
-15.737761816296336,128.1882966044776,378.7187975912502,-378.848854734524,-1280.323145476858,-593.0950803109371,706.300599718198,869.9234794261858,1105.5765909838096,326.32479452169054
828.1977568924558,-13.909922051264685,286.45136362880163,-109.60087064074499,-286.2827153398246,-212.84697684246783,51.14471307298033,-19.56364176032149,-104.65783623543345,106.89293720900089
141.1273951598509,-146.3622820761537,310.6993026693826,-311.3012568228699,-199.85780295666856,612.4296949403297,303.2537567167239,-119.81471053107005,-37.93163151192179,571.6568705741493
-1184.391335880603,-643.6137783101449,412.89584203566676,-66.67035447944733,-1774.4060054210984,-711.1904789305249,501.4261686957435,-737.6286629242974,-45.12019401829257,-379.1796332936039
-1267.5104082975495,913.1157618383749,441.872345286851,-214.36811114466718,-1483.4185704469378,-262.22069507294583,320.22122384359454,-471.06506985489494,209.1050837988542,385.94600765388896
68.931080482672,-182.69235406475119,158.98722832512627,-159.15839710554062,-1027.6406417285955,-262.7069385726715,447.40826032581924,263.64038222304544,651.0274413266819,286.1007810376475
-293.46074612136925,2.3075931430788676,1.1166838167892663,-0.5417433408183375,10.214057960925532,826.8638338202132,-3.6418970887699538,1.5017342144904244,-142.86114502826445,-101.3850627267094
2.9064614224263683,-2.8216456439851285,6.202546331368798,-5.796398970726243,-72.27673252609759,-2.943311984762231,6.014994654558212,-1.7490040510751175,-0.35362851113923627,-294.72439975830565
252.8724347278707,317.1462494306389,96.95846092027551,99.32317723224087,-515.9137197854819,216.50146535530763,-95.89828078127219,29.486034873882268,282.9670925907939,-163.44950489183515
47.462263241667415,-112.82954341811013,263.1322836700663,-260.6399479578035,256.2724501325531,77.68291647958483,171.21247920505166,193.99772009628538,201.485671833629,27.43548054454755
226.62257555059145,-238.81179007774116,793.9047795385952,-789.8606418087049,578.0045910636671,-47.91125304443971,818.2707257641115,-743.6817980928548,127.46073099254734,-657.7486955488823
-920.4004900053117,-139.50478876057846,223.60268008619553,358.2894205908458,-930.3419766046871,-117.25394839878585,499.86124348078664,236.64069917720528,868.9028436958304,57.101826442457764
176.33463128405,251.68655915945274,977.6047548267132,1029.1548998009448,-590.9194754608286,332.4844183562977,272.79525500904225,50.99487058985853,-450.09631874267353,360.5748070024656
-87.89459503944263,-325.1728057731395,364.96379576604556,-67.88250535081029,372.90182239766995,-216.93014008359225,-710.3992606896245,318.86314415137343,-1098.8885218528098,-136.41003680766133
-858.951437608313,-242.8635821168559,304.80565670425267,-138.081849361885,-9.115035512038663,122.61006213530312,-989.7869391016513,378.2128059520614,-1272.4673764646336,-244.69605775639198
137.1804380775696,-955.9793196369994,880.3780654317355,-871.1386915598209,942.8537912170478,-656.2653071696285,944.356619329522,-1197.3539867121583,-796.6370513350325,-768.8474224187453
202.5658282575183,-526.2458160422957,955.7800531047907,-947.9839536525478,869.1527152310654,-582.2667922443004,1007.8686289666008,-1124.7595298767815,-711.1777719528388,74.20083199490337
97.42452733394747,-317.4008977115111,303.4375926306921,-1042.1785175552334,613.8920155884141,-404.7314989872467,326.88843477289976,423.50479667177467,442.94004920455626,601.6416792699048
-89.73885826856602,-48.19738017985316,361.402325496058,-175.32922054578182,540.9188573737721,532.9976828230865,-1178.659578754483,486.0196138189904,-1174.2685752995526,74.53875709056007
278.2339912019713,58.49986770137979,766.2993720096425,-671.6702853647283,571.687002834752,-321.16306343428647,757.6710044234499,-990.3178184935604,-370.07630646273776,-684.251654999002
-40.36494440823696,428.91685064208605,1618.8461845120266,-347.8582303928057,1100.4325166801243,-871.986211893038,1690.5897189059692,-504.2049624645754,-1043.9992665928269,370.3116533510146
-50.613103850962226,447.00216950389614,327.6058678462628,-319.932316630992,-328.2709911102286,60.750862220774465,286.80576402770515,-166.05299115370812,-126.8925335082596,144.35383118529094
-912.2026012995713,-213.64413707904154,367.2574044790813,-129.90821294343135,371.39795915328665,76.83912456591653,-991.7596393281091,415.30505486588834,-1201.7737284032694,-3.093912465843357
212.80290676072966,-107.91737934524156,1271.8311582353165,41.44411911777246,1095.3947547645873,-843.3318039363497,1328.5157071695712,-597.1747886940343,-31.955892687873302,44.52081558464404
-263.22966390862973,-136.58464009112734,101.41197967372726,-42.612514346644446,-467.77124926542035,-87.56973344209298,449.0939491881935,200.65478772456058,98.22691923841633,203.5030015260338
-180.39255853296262,-185.65441608025276,226.4044165233102,-612.9672707987107,250.29914053769156,161.11282098088836,-672.6609394295615,150.34968559335334,1308.416829369663,296.5402206762141
-672.5318630390766,178.35187895439458,162.93615602883654,-141.9843105443319,310.69493085710326,-731.3825331954222,588.1609491956324,666.434384475949,856.6804564914737,147.61365022084792
571.9958686724727,1200.2420265151143,796.6350924925295,-585.9200615655918,-1068.334688098479,115.89530768669866,854.65052496582,-774.733487530359,-307.0293444898741,904.9559336312376
19.03206620846685,-168.43039217077998,40.61546164997644,-37.95593092354066,9.80142142985906,41.935737293783504,39.38733733942283,-11.452813597350152,-10.174888232976988,629.7911084822025
21.55192440155316,-580.523678158341,45.992975719318274,-42.98132136020027,326.7097363505164,-306.83946089355123,44.60224693523145,829.986163706528,265.65453383594684,256.46911856256355
155.44078230901826,-101.69902880620644,861.7685974259638,-853.6060997608561,836.993351656218,-400.87031809191535,917.5422924430223,862.5565017054317,1036.578958897222,-201.57868992251892
-1374.1405528982546,-49.6533386176271,479.04514620788996,-232.40196912287314,393.5139195882822,83.49030525182715,-1562.3340260989273,644.227556206912,-1415.5248594569678,-97.10114450839417
-1140.5428223217882,-391.7752602916153,397.3652950599297,-193.22218091191354,404.5576638727178,-4.031200675442883,-1296.142916579019,318.21969887351366,-50.311493967875805,499.0629882670206
-1487.5483081524235,431.3707458189343,357.9476146806873,-322.17670338066915,773.13724300774,-164.83056326631808,245.68890033049925,-507.77911121135213,-39.66904465463134,-155.5671515206748
345.6612121532108,-573.3998557158168,757.630428010923,-554.3380929510223,667.2672912109728,-581.3048298738629,446.72395537766914,-657.1583504677999,463.7126443724513,78.87528819819786
-512.1317352619354,-580.9435453137061,178.53648338869704,-86.61444673483874,98.63460529612057,280.01544380317995,-582.2700117227765,240.09871156770294,-800.0561888131903,978.3365661877498
70.54990882390403,-402.14223478298766,391.13091862107854,-387.42620575554594,379.8861776709812,-450.6158113415168,313.3006887879412,-460.8845381265644,-626.6061602193438,350.886329613769
-123.43549836564289,-268.2114642562985,389.86203960035186,-189.1360478372572,396.1655367459301,40.02985830276574,-1271.4766755775247,524.2926914462086,-1861.9105053364399,-16.740906647829508
-473.42074553004215,-79.0467281625395,75.00014486877004,-418.47680234049,71.20188775760202,-30.375970484054303,81.62348670315373,-317.6972209686759,-234.9651001877331,-328.8565131011074
-599.447641174536,-48.30525843549815,389.4102582199891,149.06365610303712,-119.6251135357065,1082.0531460968546,-1254.9267917483369,707.4635929938872,-1072.3697070872927,-479.7600936528227
-208.97202233267788,-325.08629187706003,313.4952284019794,-310.5258650746351,264.6413133459954,-182.9745775373196,333.7846510038481,-401.23172381222184,-272.940552500604,-396.2851645893993
-179.91716228608905,-147.10223335761108,65.72413416949972,-98.96487737857943,137.68606866947746,110.30237333181975,-118.09737449555456,223.89231878619282,-418.95965714955867,-88.7772111010044
360.3880817625883,-23.439711327598026,769.0877151018542,-718.7272778066929,-64.6219300249112,140.31419123547664,18.261393777477554,-26.863630811794128,270.4639646735972,54.976246146138216
-268.30838883187675,559.1048192217261,93.53616053734689,-45.37774375786916,-458.4916929305675,-207.54493580480573,95.49365471864444,-425.42137473825704,-488.8723482313596,64.91757166995544
-276.60607480600436,-162.32320817232394,104.31199709692136,-55.1497990909554,194.9655525015861,-301.2584714243604,-244.70931513873057,18.754199779281496,-134.772869462415,410.95333713642304
-387.0174697422919,41.889790449560294,135.7939848806597,-323.38824261590753,-393.62155339963203,609.0772486515424,137.80080910690225,-41.26272065732047,-54.6317279416465,-840.3201005307899
-1168.390456240425,-508.7344474083157,407.3177054247377,-197.60441692950465,515.4981248101285,113.59866987616441,-1328.4057163611158,547.76734936734,-1049.8788967522278,-7.907902017561239
912.2927249105143,629.1707065784657,239.66925694891245,-193.31795117837984,130.51238612110075,-412.8450249160169,-33.60295923350546,-439.07068703374534,-670.4589822589361,936.1026491903638
-9.240362501304455,146.38881147942365,318.83518541908427,-154.6783753130764,465.37357947896635,326.23291969633516,-1039.8332241563407,428.774644647326,-1148.5432672702934,359.5063859386755
-651.0841935244596,-156.87383462037477,226.97730739605407,-110.11482655156443,662.1044241355468,-128.6156059754526,-740.2525071056244,305.2427046087387,15.780350158219866,-525.0073330209996
-24.82526668902272,-357.2332411893144,378.03377906765485,-183.3977347349171,385.536331621746,50.41959249241818,-1232.9005746691232,-337.53968681230833,91.80471924136833,-600.3456684264428
-1259.8799016013052,-77.69055442332446,439.2122409851236,-213.0775992113193,274.41453156888446,403.35428020481044,-1432.4249691331465,590.6596296943072,-1040.245457357697,960.5661191179295
35.6276936090597,-304.35682317914797,587.0131243474141,-578.5261098402652,745.7480287596384,-489.04414070833263,647.7557900717161,-980.7071968503482,-992.6407317769302,-125.71280039006483
93.82971239388127,-539.4283881033409,520.1948835139476,-515.2677029056423,505.23964364361854,-456.1759270708456,553.8619153241126,-665.7794789876978,-137.72761014706734,-888.5670143658264
-403.2681648170384,290.5147879903095,140.5850781190572,-68.20285988240272,-337.4059855980573,128.23147022317815,-458.4971851731525,189.06105621304874,-703.0664121218402,371.932108952423
-1073.8387134247218,-155.25455433553216,374.35560895954956,-181.61332259201316,406.02791646944206,35.612207669763826,-1220.9047735235267,503.4393961017215,291.5443743171713,147.27616133391905
-1021.270167561065,735.7240469116624,356.0294583441138,-172.72265012996226,380.02414969848843,113.03992085033383,-1161.1367769149485,478.7940963442359,-1361.3968926432321,-44.25043013640553
186.00626474351407,-1069.3527349473165,1031.2245956263484,-1021.4570450575022,1006.4738962342743,-901.4173264793455,1097.9654890197105,-1319.8287713973664,-923.5745391820655,-1087.7568247106683
80.28353041181678,-571.1281443545687,445.09442355902314,-440.87857930117383,432.298269501709,-164.6732070810388,473.90095086522047,-569.6609920799244,-239.25829522500138,799.3370784914549
9.168473015464388,-242.28562908857046,583.8266816563142,-880.1860046136915,328.9573512963292,-184.82511810057426,597.8609604144401,-624.9865099315633,212.61159666427892,303.07703749791176
-1360.5196844657787,-595.8693348137518,328.72830167281967,-290.18535974222607,627.6103869574586,-731.7218706361973,464.2294613136179,-682.910023881523,274.8133817533742,-310.77441736694954
-34.089783754375766,-35.62641209011307,270.10781846930064,-131.03898324544832,274.4750655715447,77.18340977903365,-880.9162118653575,363.24530408527045,-657.8756169430183,205.06344595448638
165.60361798059873,-6.475183359933695,918.1116787748301,-0.6707481792258492,-12.400410666552864,-34.29276244085864,5.04468128743105,-7.421035728162978,15.184232104142579,215.14614467383768
-281.20374582211565,-142.19919424773806,-13.96043319276349,20.77491503317533,-27.507855939711103,262.71494119139976,-199.04817474113105,121.14613253649104,71.37411913039834,237.48492281849607
-148.20818982895747,1268.4808015000012,458.4549126176874,-78.86486359806297,145.0752163582982,105.81204405947273,-1705.770596724892,763.7008959143845,943.7493281388714,556.4086832167258
-444.35013615613883,-222.61490420923948,154.9068437675126,-75.15086168215991,-78.80092021449906,122.43804120471198,-505.205479711819,208.32119517345598,815.3930886120187,34.495672280471815
372.9470559650183,-496.91798213551664,598.7666664825455,-748.5107833730618,68.85703675294194,-150.49083378912405,646.0697475492154,-407.1704359239731,-723.0253120979108,-172.28673610799893
198.2830915634904,-11.81438826598041,1129.7414967579396,-1023.6195199081463,788.6934587433853,-625.7494678898141,1202.367884374805,-1384.4517928514483,-1126.9457735445417,-1439.7951294307402
-593.8481833871061,427.8088233754038,207.0240116529257,-100.43476767214172,-77.6228725423749,-135.8161011732337,-675.177820264364,278.4091941210008,-1006.2674287779599,-262.32853621332754
-926.6781482787568,-49.95364189869445,317.43475974600653,-164.25611614699056,486.44989629282134,156.54125139012714,-1039.761637936617,460.09735879171683,-1959.9564123555015,436.58545900703325
183.862588201889,-592.0793100505286,686.327077497516,-682.3288432867425,530.8769669975912,-1084.5599425173991,711.2941176348342,242.44037340994856,-17.782165177613834,-538.1128529474054
156.4264547904385,-35.48622554662007,867.2331967364994,-859.0189394931868,846.4402054456766,-1033.0003321622155,923.3605608199947,-1109.9418394579063,-594.088007328324,28.993123396972397
-1384.068339798256,997.0842118990926,482.50611540569224,-234.08100931983577,502.3090791838233,155.6457596040397,-1573.6214589929039,648.8819228069234,-1783.5410850761277,-11.893802936648276
-464.8337641168033,273.9084018514784,1260.99254909209,-1586.3795934389439,1631.3706441080592,-877.4366721941522,1271.473458130359,-1950.0922484240534,-678.9587569430786,-939.5560020963449
-1233.594904461307,879.4887718563785,434.7143755763185,-202.37834488784114,427.08636235644207,-160.8602247392895,-1414.0227841633744,557.0376699366576,-1852.4599097751043,649.4911165569218
-1078.667734908395,333.443566980993,376.0390752525777,303.00724065821095,-362.8702181327534,-12.917691506075395,201.72049904544107,-118.61932135310681,-219.52582193480626,680.3197907883327
-728.5199690955757,523.7935676141433,254.496682694777,-122.50858175760496,230.6882046489134,228.93586851975385,-829.5834301949592,339.15343613232704,-697.6758114800509,395.853188953868
-25.32075589775095,1.6305620680149688,711.4863500344375,-704.7472953876811,691.0316139990634,-534.9317083254308,757.5337725259841,-910.6068253362316,-71.101846376337,-757.1276934178045
201.9635888153126,-199.9002673116329,952.8832035407781,-945.1112210442891,850.2788104813967,-819.0860669152632,1004.8101125783478,-1121.3122795238974,-760.517445295278,-921.6941166233885
127.94673710505309,-2.036430959003024,715.316036726885,-689.8182360777439,-243.78103423747967,180.96413574446947,13.502007287361943,11.194357656057786,453.49780662865345,149.210008730294
-70.34895457804738,-21.413338059161315,24.524656637440916,-11.897789884150457,25.364758946588896,-192.7608966967092,-79.98349601571597,28.96169260864944,49.366440362902964,82.2373893815339
-490.7892994052135,-377.2876778565799,171.09620351059286,-83.00490031069793,178.75544440974716,221.4420589156443,-558.0046527909968,230.0929044714206,-1174.6049124549347,-175.13740105998332
1.2037747292136405,93.18428579055454,512.2979532711331,-910.1229569412616,340.4452385470136,-551.0773378907837,547.5239009569597,709.7168947274938,492.75055724063463,4.514708929570326
2.6205208085655824,-605.1822509287937,570.9521776718857,-561.3628339192257,807.6993465005231,-567.2758735478246,640.4062639739999,-1058.473580689148,-649.1264996565965,-362.16055451436216
50.388368495014625,-289.6834670271823,279.3547034407333,-276.7087122530957,-178.25934474184734,-67.3035366907568,38.252184518343384,-56.271310676886614,347.7675980745962,605.1780789487163
-7.930938720663534,-4.636721588313454,453.66240519993175,-26.665768375603808,-433.45921456112103,47.073321069902654,253.3376945857981,-95.44569278846087,73.52994466993172,547.2712502477762
94.37952575038976,-16.586294818869213,523.2430660954172,-518.2870137188921,508.59470765519,-391.2681788336766,557.1073763932911,-669.6807426780314,-539.9015143319899,-452.4529353422621
-352.4459162593391,41.105845162122186,124.61477016791005,-58.86912788111947,232.55666779027905,-241.8398055087313,-408.7390640523226,170.52747640296053,308.2923148869087,74.49497988398346
185.2776174905973,-484.6589637850016,611.4072745449597,-608.740624118987,406.3671708133862,-175.40639950753746,626.6910159082206,-537.6275880536103,535.4648736544027,857.9518707951808
-789.2504759848129,-10.30085469994923,276.80049885871006,-131.26187793070895,331.2767704092491,221.7418826493155,-901.4179865968101,362.45607120485323,-1504.0698927974365,-39.982244994430104
-118.12142998880701,81.19211185386341,43.15918227937502,-17.32276963277792,37.635653917081115,-69.6016551826089,-139.17263100323527,46.337146992198626,0.09230605950758446,416.9600646284836
-117.85692480211709,4.115327833185578,765.3867454256875,-572.9095132641351,1324.1201329364615,-114.35849590728704,158.85043002953245,86.14395033134922,-1276.8877360687773,38.49401914140063
-868.0675560171036,-8.22638690842155,302.6208260963312,14.50193382505783,-782.8861385616431,-282.84503257685463,12.483078942112993,14.144347805696738,-261.2744769891533,979.4947521795983
-618.2766670939166,-8.408510166773883,215.5401321649681,-104.56624294530405,4.217479398940684,58.85693317159997,12.759440732108503,14.45748828137811,-505.0511151739955,6.207243124743555
43.9056075050669,-104.09154652015297,98.76286153897378,-551.0651553959341,553.0460737231492,-492.99647478831673,364.93053060424137,413.4960912864443,714.6069140533479,204.46776095533562
668.3529473881052,-660.2576377260517,750.1034674311526,101.24230173036379,-1820.2921643198572,-1063.7731540062514,514.3930549565396,-756.7037482947342,-207.93791161650077,-528.2656876698087
63.42588494731885,-364.63633968669467,351.63510566287454,-348.3044891406245,-899.1769581789841,52.394739641027286,267.99790033840526,-106.9635315164121,266.0788589222362,286.53698993599926
191.75746635256368,-231.4136478094405,1063.1094386548125,-1053.0398813087995,-717.8351843460196,-44.63933324145447,351.1571806731206,397.88976108708044,944.691159036345,112.04755245008556
231.07509319311322,-487.3156013316573,973.8304326644583,-911.1175294068543,904.280900520156,-747.5980692921512,1124.782641400354,-558.49947211541,-354.7987327720067,-559.7108370717183
100.2393102930768,-725.3241547449253,701.087637134962,-238.99553988614025,-1495.1195012340647,-860.3632549821841,490.2273158367787,-721.1544631789376,-57.22505814478197,493.188045491652
-617.2797466497365,444.6889449109409,215.19259137015447,-104.39763845008144,226.69665722868515,189.76899386252808,-701.8184200870575,289.39443046160227,-814.2627333202981,-25.518607521063203
-71.18572103876787,2.2205783043097833,-0.062706360070578,-59.71325540465214,-43.31577357657486,-22.057029331542402,-11.2141455182017,-137.76545720440973,69.51961858108795,110.05084430169487
128.11464310542559,-109.76990290414457,458.39325671128216,-455.9442576964407,510.6261283354536,483.3179615906366,166.56964699991678,188.73701207565654,286.6592131468222,-73.95322690953208
-76.65083284438573,-276.4118007878726,26.7215819731463,-12.963597101018257,152.382953326407,-117.81050327516219,-87.14843909455017,35.93560980382435,-70.85090301776599,349.7135806423753
84.21812613628363,-270.8148977831295,618.3485962935906,-611.3536812601685,773.0439017631916,-587.1111839500045,667.2141473119568,-880.600999669561,-379.3059110757354,-672.2043832844785
-942.7335869409367,-142.11224793887087,328.6504775939381,-159.44012532141997,562.1777933145999,-3.8482380326106034,-1071.8443301288496,441.97440617568685,-1050.4878004795771,269.971600492246
-483.79722277668054,-308.9332804524586,341.5634451895891,-39.511143630331624,205.56848808431894,-746.1078758400472,240.68352235498165,-354.06023033141787,-368.6678111761527,-96.34993464679864
-1167.4063160000924,-143.14817303168928,406.9746199926654,-197.43797389042558,-443.5074337538064,-367.0104416954493,504.7859782474914,336.82823032751713,372.08996329581913,242.41941450627695
-90.4761195429044,-708.0376550207399,524.0272980721317,-515.6196676683451,724.1270166515507,-575.5789432483672,584.7137543872215,-940.6315186831314,-552.5985174736021,-517.7217365577675
-399.7748561788716,-507.51222078327027,469.53987968864277,-227.79062367120235,477.1316505991591,174.91595223950117,-1531.3340223879738,631.444722126943,-1718.0915291237231,-65.38104639255481
-168.995149627907,121.7442742791675,58.91413799787567,-28.581359790964687,59.86669316606926,26.47470665797288,44.42958232894553,50.342344884351924,29.012201449735798,386.4584810834922
192.1898242104972,-410.3557616157372,1065.506444249372,-1055.4141829517096,698.6542232933193,-606.5279482986805,1134.4660601344012,-1363.7049263506663,-1076.6851690967487,-844.3965339921979
182.5378858913956,-1049.4129742276414,1011.9957939287998,-1002.4103746762115,-231.3633437613727,-139.6820478041612,143.64804672253985,-211.31509133486816,-70.25982613851461,328.4538458657754
-885.6682251701955,-56.498228169231936,308.7566723240088,-149.78892740264968,-570.1976317632867,-216.09008198691444,258.5920826172863,19.864379893537762,-125.55220052880695,85.0610001491354
-216.99022130382653,156.31997176531917,75.64590978043174,-36.69854193958222,76.86899314824161,294.1228458981947,299.2416689745951,339.06524692836723,117.8296582407192,132.80966317419325
-122.50590880948317,2.6197009656053343,42.70732049439383,-20.718851777179932,-692.3528524650042,42.32113306531611,419.9665007120152,-149.3099240107814,101.6393453493269,-817.0966759690085
291.4678004646135,-246.55039456643246,404.0307655437532,-25.53954367780906,-740.8306408992529,-400.09130097356245,192.08230759518756,-282.5648611267913,131.84887102167758,373.64838112535375
-63.86156170402043,34.27886494182372,206.2380761689943,-465.8835669669298,562.4672053095067,-372.58046384253595,32.914983582555564,-484.90882981366025,-554.7802706022619,-130.45651151081537
-390.6701859927066,-56.433629660610286,136.19324163981403,-66.07222260547509,138.39528652421382,447.022676138897,-444.1738680016923,183.15484444014967,-346.74300395271297,816.9510877692968
-534.8419310648417,-20.63464653243259,186.45358404180504,-90.4553160059112,189.46826491710945,-380.6424480444312,-608.0904502269858,250.74575485030525,-982.8007860997083,460.0577888915096
-789.7357916178742,-324.0870045660212,275.3132472244271,-133.56432329407755,279.76465847184704,66.2617406656847,-897.8929384410162,370.2456477323574,-931.2142203073241,743.4985738900206
43.76671583062141,179.6896017769687,93.40054563141504,-87.28460823020222,-151.48408074277853,-418.8930583848283,90.57631377366933,-26.337236991814763,-40.72920937402696,29.75899189611331
-460.4337532725484,-323.29744086314395,160.51382385177814,-77.87100867191887,163.10909686556715,67.37809750878586,-523.4918058308723,215.8615514550738,-463.2586783820101,-440.61216004695103
-125.84827588576341,-147.52444167487823,193.40992881599084,-263.8108280605794,337.80031420383784,-334.4291355133115,194.32281504683365,225.29637522641363,32.2983807964992,116.62084854248413
-1.3558321237600688,-585.5975624374266,614.1448914052165,-609.4000742197062,120.07790800179387,-496.4634827397097,645.5578543266809,-701.9824523506453,244.47267293368037,-267.2119584555203
87.59589419122833,-169.91079356402713,493.5404458699246,-489.9664054455031,480.44358377286284,-414.51395203133035,525.0218598317208,-194.73024925306223,-62.13022964480487,44.82439881664546
114.95200561609282,-394.3761281466233,637.2975430228166,-631.2611897344274,204.53625400090084,-355.03733254427374,678.5434632220949,-815.6551315685793,368.4264731245684,-974.780126724691
40.302009909530256,-162.83613683157418,371.5945933313775,-366.96154326259074,-523.109602145663,-458.3771391390426,239.49319509595654,630.5322784795114,860.9936650439383,-30.810675387115634
-238.59409154858244,93.20973744518628,353.2096137391651,-171.35464245052273,358.92049493774994,-138.18262129769423,-62.884134706367256,237.91553558711882,472.25584989649775,-30.030541187122143
-368.3834734894321,-394.498169012239,79.28728238278,-411.6049619507026,266.2464200296728,-18.430565584290157,-484.2021359275072,92.51054072836517,-1144.323059479713,135.66276537968494
-983.3585249470196,708.4124617748073,342.8129148539142,-166.3108312096897,362.25362602398684,371.50058648988824,-1118.0329989816798,461.02027777704245,715.0456040538779,131.99079120325825
320.65454807175655,-167.25144867617936,-368.2532131113039,-77.0705768182366,-88.73891771415191,-25.377724849437083,105.51542670241075,-602.3510350551629,-446.0895753106875,85.8439016189843
152.01152022124205,-873.9164517723733,842.7566603030928,-834.7742398569022,822.0753957617945,-611.0424527432785,548.8198053288382,855.6051759710813,959.5456746289727,-315.5011589508912
60.48664882243117,74.60345768423042,335.33988792643345,-332.1636164071499,292.49882722247276,430.75167711875037,357.0430976884604,-429.18994965752614,-930.5633675191435,337.77203938902557
-24.497260008297474,845.4435014982932,409.1245802859145,620.2802755459326,-1099.9044913563005,-113.26114749526225,533.9293186193116,604.9855184951577,921.6543601020521,372.09949148878746
36.38261753108215,483.43716040877035,201.7063785623196,-199.79585658580527,195.90746094437267,53.79238326354819,229.93555004830853,-137.43092186995105,110.28545923733692,-272.63009263968337
105.16369962922563,58.90128774311578,583.0308660531311,-577.5085157411572,566.2691355364246,-359.1678135798692,620.7646449421587,-746.2010845098828,-444.9223069428882,-552.1286118653966
-776.2277458740117,594.9157793835192,339.9984682751705,-160.2055094551814,580.6578303601207,39.018066291142276,-676.1723318740516,137.54778374791601,-792.9119593210833,327.4665744130479
134.74657761108443,-1106.6684744438478,984.8352438356812,-973.7201007302532,665.9245374351342,-191.9355381289549,351.7965156984703,-517.514261712867,-342.95888469632035,149.6521194077973
-390.09448257024053,-698.8909408395493,993.2579408362316,-983.8500027341217,-1264.9941703468787,-1061.8505233745836,600.4406617519438,4.095845702662465,319.6861906461137,593.7095007997614
-619.7019987073946,455.6291597038547,211.3710560917777,-111.06177487371889,-1285.4947857835232,-613.9455006678958,571.4141376105215,652.7327302447466,815.8156252422192,781.416469833214
29.396146506960296,-306.5928059689914,162.97316295455616,-161.4295141536307,118.1132478772009,207.75227061738588,173.52079199759947,-208.5837269061727,827.5571559979924,164.23830868508642
111.94467984015427,-489.1452072421457,620.6248341144083,-50.66933844141813,-1348.5450785908547,-434.0927658489445,381.0829032394078,-560.5963348721012,199.76744683677322,37.49936213132373
-196.21426975058858,-556.1301362387188,471.166893997168,-228.57994662350754,478.78497134177604,288.2178577187099,-1536.640285973527,-637.3659834982552,-417.52211962190495,-120.97632027324727
-269.07910279940387,-205.86542140163797,93.42949366353301,-46.01122547694932,380.02796870285783,-298.9887241896168,312.38918560677035,353.9624568946763,1520.6428584635178,-6.098804132108791
-507.8366042604619,364.2354150210356,176.2597512804324,-85.50992239237445,-1443.4307260818762,-677.2494217701189,407.8964659416748,-600.0407309548898,414.49491588901924,482.1075944471152
45.342394664899494,1091.211101027004,251.37966545114304,-248.99864815899596,250.47935796265617,-229.79380453164075,267.6489665561497,-321.732158458795,-1.55706394309842,344.1777180324872
-1277.0647527656295,919.9987211188079,445.203127085684,-215.98399276854963,30.86560975028182,572.7202323292197,30.09620453502009,34.101457384731994,104.38971476568481,298.2802099754044
-30.168564671837682,-38.17798055184025,151.25492330923774,-147.42873349946703,290.5139140521112,-248.91274502665453,179.64909473736003,-381.18737761707,-127.27204022702996,-727.3162143636257
-312.466403679119,158.08842534454666,149.63327508093482,-831.0180617818442,327.2679435415513,109.83530755903723,-174.35392170573547,-108.31504773360425,-466.87342287876936,-215.7285767505997
-561.5203227439083,-214.82253634536806,195.75405480917652,-94.96730769858739,204.85720674914052,-129.7278606958622,538.7746367218441,529.2117442793108,851.4785168084929,355.31245241059463
-502.4928081309478,1078.4486965351944,311.4766817925993,-430.2701994279732,383.3720638034219,-212.8690514377375,585.1180025957141,-861.4121048186801,-1312.9123853252538,-348.57422147592627
-435.9814360021831,-258.3088333044596,757.9653181249208,-786.994818974821,-802.1335238443884,-139.16534393194758,391.9691103130207,444.1330100583682,768.9899276286768,700.8807295799305
-839.1933874960777,-435.75097248731043,292.5548759636373,-141.92885532534268,515.3222056195162,131.93693103959748,-954.1239293149815,393.43246516619485,-1123.7529902925598,-140.14648373225984
-1020.9340611143646,735.4819154923631,355.91228680619395,-172.66580601755803,363.6470862887366,14.53232667947809,-1160.7546394858741,478.63652219046645,-1305.2811589521475,-77.86364889042852
139.37646033877994,-336.44776186728996,752.855601363554,-807.9269187884154,565.9130807460034,-249.27931878876427,801.9002003325543,-1003.6212845345577,-141.01896419242672,-1082.637476860452
-1309.899746045554,-111.4960819349133,456.6498776552244,-221.53722171466882,720.9476039242052,139.05784991024646,-1489.2952105291965,614.110041721085,-1893.6046444829663,-14.409169103177051
-821.5640874911132,472.6620180251843,286.4090486095077,1295.5546062626258,-1171.6866077678776,-63.612266987954186,903.7920471060106,379.41780398064,571.3108050258444,884.5397535916846
-292.9791724754429,-660.7883574085664,914.1061927984651,-905.4479640272326,775.264017804131,-751.7233297150749,973.2671788945339,-1169.9329694857954,-1021.4016821825983,-1493.9433320165206
883.608208582308,-351.8879388935126,307.04333601008534,-54.85791731698777,211.04886842959667,619.8687749802186,240.1131926782404,-58.21999827668609,111.07299534551872,-342.2294380896635
52.08682107703972,20.42621803724673,288.77097809957075,-286.0357978649589,578.1315563628787,-534.1943191879789,307.4602463212372,-369.5880091076391,-711.2059910680829,79.4073414114518
-1441.4057476176733,804.9252060845312,452.59282656695166,-398.00553792989155,-123.36483565470981,42.10557612949372,-35.3917843766922,54.30070833700622,-447.0744928031936,-560.001845323097
-79.24996074948255,-261.7003732875244,176.90168933820786,-170.59501257118163,481.2112539594651,-217.62291967311273,224.34832922809076,-589.3886967698483,-782.3352774231445,663.1203973053564
138.19901362196288,-794.508149429524,766.179688274388,-758.922589402054,977.2021443444169,-621.2513063687339,815.7668656091388,-980.6069414302527,-1334.0573672133112,-1075.552227851148
-5.679959239265317,-163.44862199854373,56.11922988109737,-54.92931724751436,399.5379678640593,289.37637403276284,64.86872385626094,-123.42649646833914,71.50553240208173,-133.7486772107542
-491.4640742418447,-103.17086032244885,257.93662714431565,-1476.0179407565297,533.3759440167739,112.80563402132528,-259.79580251674594,-283.3395700762481,-701.3713914817301,-608.9072777475056
-888.25475570125,639.8996115922265,309.65837404135254,-150.22637522219458,314.6650955956619,124.31612564200422,-1009.9044277161404,416.4335222824575,-1310.5973575811604,-335.2717379211271
215.66826559674004,766.7616615380741,-13.219311743613682,131.69287499389287,-101.29968540576107,187.32539271903872,-138.35747165871896,-21.040323583859845,-203.30998084828374,-487.40835752441785
